signal_time,direction,entry_mid,balance_before,exit_time,exit_reason,tp1_hit,tp2_hit,tp3_hit,tp4_hit,filled,entry_price_used,trigger_price,lot_main,lot_runner,lot_extra,pnl,swap_cost,commission,slippage_spread,total_cost,balance_after
2024-01-01 19:00:00+00:00,BUY,2064.78,1000.0,2024-01-03 03:26:00+00:00,sl,False,False,False,False,True,2065.635,2065.12375,0.0,0.0,0.03,-16.004272490628093,-0.153,0.32999999999999996,0.29999999999999993,0.6299999999999999,983.9957275093719
2024-01-02 00:30:00+00:00,BUY,2070.51,983.9957275093719,2024-01-02 09:42:00+00:00,sl,False,False,False,False,True,2071.065,2071.11225,0.0,0.0,0.05,-31.743911213675165,0.0,0.55,0.5,1.05,952.2518162956968
2024-01-03 00:45:00+00:00,SELL,2063.815,952.2518162956968,2024-01-03 04:44:00+00:00,tp3,False,False,True,False,True,2064.005,2063.5895,0.0,0.0,0.07,50.07624821020571,0.0,0.77,0.7000000000000002,1.4700000000000002,1002.3280645059025
2024-01-04 00:30:00+00:00,SELL,2042.915,1002.3280645059025,2024-01-04 01:26:00+00:00,sl,False,False,False,False,True,2042.765,2042.6509999999998,0.0,0.0,0.06,-30.55580116688703,0.0,0.6599999999999999,0.5999999999999999,1.2599999999999998,971.7722633390155
2024-01-05 00:30:00+00:00,SELL,2043.905,971.7722633390155,2024-01-05 08:30:00+00:00,tp3,False,False,True,False,True,2043.445,2043.4375,0.0,0.0,0.07,47.796000000001676,0.0,0.77,0.7000000000000002,1.4700000000000002,1019.5682633390171
2024-01-08 00:30:00+00:00,SELL,2035.275,1019.5682633390171,2024-01-09 08:38:00+00:00,sl,False,False,False,False,True,2034.115,2034.8515,0.0,0.0,0.03,-15.86899568381057,0.0,0.32999999999999996,0.29999999999999993,0.6299999999999999,1003.6992676552065
2024-01-09 00:30:00+00:00,SELL,2032.69,1003.6992676552065,2024-01-09 02:25:00+00:00,sl,False,False,False,False,True,2031.615,2032.52775,0.0,0.0,0.07,-33.522366814154765,0.0,0.77,0.7000000000000002,1.4700000000000002,970.1769008410517
2024-01-10 00:30:00+00:00,SELL,2029.425,970.1769008410517,2024-01-10 03:08:00+00:00,sl,False,False,False,False,True,2029.115,2029.0345,0.0,0.0,0.06,-30.081776421069897,0.0,0.6599999999999999,0.5999999999999999,1.2599999999999998,940.0951244199819
2024-01-11 00:30:00+00:00,BUY,2031.69,940.0951244199819,2024-01-11 08:31:00+00:00,sl,False,False,False,False,True,2032.475,2032.0887500000001,0.0,0.0,0.07,-31.498804584654383,0.0,0.77,0.7000000000000002,1.4700000000000002,908.5963198353274
2024-01-12 00:30:00+00:00,BUY,2034.59,908.5963198353274,2024-01-12 05:45:00+00:00,tp3,False,False,True,False,True,2034.565,2034.84575,0.0,0.0,0.06,51.003029196516074,0.0,0.6599999999999999,0.5999999999999999,1.2599999999999998,959.5993490318435
2024-01-15 00:30:00+00:00,BUY,2053.6765,959.5993490318435,2024-01-16 03:38:00+00:00,sl,False,False,False,False,True,2054.225,2054.115675,0.0,0.0,0.03,-33.63752275165362,-0.153,0.32999999999999996,0.29999999999999993,0.6299999999999999,925.9618262801899
2024-01-16 00:45:00+00:00,BUY,2048.5215,925.9618262801899,2024-01-16 03:36:00+00:00,sl,False,False,False,False,True,2049.075,2048.8644249999998,0.0,0.0,0.07,-28.93678258645284,0.0,0.77,0.7000000000000002,1.4700000000000002,897.0250436937371
2024-01-17 00:30:00+00:00,SELL,2023.385,897.0250436937371,2024-01-17 12:13:00+00:00,tp3,False,False,True,False,True,2021.115,2022.285,0.0,0.0,0.03,49.049999999999834,0.0,0.32999999999999996,0.29999999999999993,0.6299999999999999,946.0750436937369
2024-01-18 00:30:00+00:00,SELL,2007.225,946.0750436937369,2024-01-18 01:22:00+00:00,sl,False,False,False,False,True,2006.325,2006.587,0.0,0.0,0.05,-27.729999999998928,0.0,0.55,0.5,1.05,918.345043693738
2024-01-19 00:30:00+00:00,BUY,2021.095,918.345043693738,2024-01-19 02:44:00+00:00,tp3,False,False,True,False,True,2021.375,2021.238,0.0,0.0,0.07,45.77453857175036,0.0,0.77,0.7000000000000002,1.4700000000000002,964.1195822654884
2024-01-22 00:30:00+00:00,SELL,2024.6765,964.1195822654884,2024-01-22 07:42:00+00:00,sl,False,False,False,False,True,2023.285,2024.264825,0.0,0.0,0.05,-29.036660334818226,0.0,0.55,0.5,1.05,935.0829219306702
2024-01-23 00:30:00+00:00,BUY,2028.1895,935.0829219306702,2024-01-23 05:50:00+00:00,sl,False,False,False,False,True,2029.715,2028.588525,0.0,0.0,0.06,-28.68896779875127,0.0,0.6599999999999999,0.5999999999999999,1.2599999999999998,906.3939541319189
2024-01-24 00:30:00+00:00,SELL,2023.8915,906.3939541319189,2024-01-24 02:17:00+00:00,sl,False,False,False,False,True,2023.575,2023.601925,0.0,0.0,0.07,-30.350874236528146,0.0,0.77,0.7000000000000002,1.4700000000000002,876.0430798953907
2024-01-25 00:30:00+00:00,SELL,2015.97,876.0430798953907,2024-01-25 05:02:00+00:00,sl,False,False,False,False,True,2014.978,2015.78025,0.0,0.0,0.07,-27.594669001277882,0.0,0.77,0.7000000000000002,1.4700000000000002,848.4484108941128
2024-01-26 00:30:00+00:00,BUY,2021.3,848.4484108941128,2024-01-26 10:02:00+00:00,sl,False,False,False,False,True,2021.825,2021.48975,0.0,0.0,0.07,-28.121567048081463,0.0,0.77,0.7000000000000002,1.4700000000000002,820.3268438460314
2024-01-29 00:30:00+00:00,BUY,2025.91,820.3268438460314,2024-01-29 08:55:00+00:00,tp3,False,False,True,False,True,2026.565,2026.3802500000002,0.0,0.0,0.05,47.75946056904236,0.0,0.55,0.5,1.05,868.0863044150738
2024-01-30 00:45:00+00:00,BUY,2032.38,868.0863044150738,2024-01-30 09:08:00+00:00,tp3,False,False,True,False,True,2032.875,2032.70725,0.0,0.0,0.07,44.53227830907466,0.0,0.77,0.7000000000000002,1.4700000000000002,912.6185827241484
2024-01-31 00:30:00+00:00,BUY,2034.1,912.6185827241484,2024-01-31 03:36:00+00:00,tp3,False,False,True,False,True,2034.395,2034.3007499999999,0.0,0.0,0.1,47.64598363874975,0.0,1.1,1.0,2.1,960.2645663628981
2024-02-01 00:30:00+00:00,BUY,2045.155,960.2645663628981,2024-02-01 03:04:00+00:00,sl,False,False,False,False,True,2045.925,2045.4025,0.0,0.0,0.05,-27.704499762310025,0.0,0.55,0.5,1.05,932.5600666005881
2024-02-02 00:30:00+00:00,BUY,2054.786,932.5600666005881,2024-02-02 08:30:00+00:00,sl,False,False,False,False,True,2055.915,2055.0599,0.0,0.0,0.07,-30.935969968734046,0.0,0.77,0.7000000000000002,1.4700000000000002,901.6240966318541
2024-02-05 00:30:00+00:00,SELL,2030.65,901.6240966318541,2024-02-05 08:51:00+00:00,tp3,False,False,True,False,True,2029.585,2030.02575,0.0,0.0,0.04,52.02861305458751,0.0,0.44,0.4000000000000001,0.8400000000000001,953.6527096864415
2024-02-06 00:30:00+00:00,SELL,2026.3265,953.6527096864415,2024-02-06 08:06:00+00:00,sl,False,False,False,False,True,2026.165,2026.035825,0.0,0.0,0.07,-28.227046219251154,0.0,0.77,0.7000000000000002,1.4700000000000002,925.4256634671904
2024-02-07 00:30:00+00:00,BUY,2035.025,925.4256634671904,2024-02-07 03:27:00+00:00,sl,False,False,False,False,True,2035.305,2035.2285,0.0,0.0,0.11,-31.391045329518473,0.0,1.21,1.1,2.31,894.0346181376719
2024-02-08 00:30:00+00:00,SELL,2031.7195,894.0346181376719,2024-02-08 04:56:00+00:00,sl,False,False,False,False,True,2031.035,2031.331475,0.0,0.0,0.08,-29.759125505015326,0.0,0.88,0.8000000000000002,1.6800000000000002,864.2754926326567
2024-02-09 00:30:00+00:00,SELL,2032.74,864.2754926326567,2024-02-09 08:01:00+00:00,tp3,False,False,True,False,True,2032.598,2032.61075,0.0,0.0,0.09,43.403302520665974,0.0,0.99,0.8999999999999999,1.89,907.6787951533227
2024-02-12 00:30:00+00:00,SELL,2023.145,907.6787951533227,2024-02-12 09:21:00+00:00,tp3,False,False,True,False,True,2023.165,2022.991,0.0,0.0,0.07,49.48997936344771,0.0,0.77,0.7000000000000002,1.4700000000000002,957.1687745167703
2024-02-13 00:30:00+00:00,SELL,2019.42,957.1687745167703,,,,,,,False,,,0.0,0.0,0.0,0.0,0.0,0.0,0.0,0.0,957.1687745167703
2024-02-14 00:30:00+00:00,SELL,1992.37,957.1687745167703,2024-02-14 10:00:00+00:00,tp3,False,False,True,False,True,1992.125,1992.20775,0.0,0.0,0.09,48.656566997371655,0.0,0.99,0.8999999999999999,1.89,1005.825341514142
2024-02-15 00:30:00+00:00,SELL,1992.19,1005.825341514142,2024-02-15 03:11:00+00:00,sl,False,False,False,False,True,1991.845,1991.9727500000001,0.0,0.0,0.1,-31.791392108704805,0.0,1.1,1.0,2.1,974.0339494054372
2024-02-16 00:45:00+00:00,BUY,2003.56,974.0339494054372,2024-02-16 08:30:00+00:00,sl,False,False,False,False,True,2004.248,2003.70025,0.0,0.0,0.11,-31.70276800109087,0.0,1.21,1.1,2.31,942.3311814043464
2024-02-19 00:30:00+00:00,BUY,2018.765,942.3311814043464,2024-02-19 11:03:00+00:00,sl,False,False,False,False,True,2019.665,2018.9245,0.0,0.0,0.05,-30.315641494756665,0.0,0.55,0.5,1.05,912.0155399095897
2024-02-20 00:30:00+00:00,BUY,2018.9695,912.0155399095897,2024-02-20 05:20:00+00:00,tp3,False,False,True,False,True,2019.285,2019.253025,0.0,0.0,0.09,49.55449251538663,0.0,0.99,0.8999999999999999,1.89,961.5700324249764
2024-02-21 00:30:00+00:00,BUY,2030.725,961.5700324249764,2024-02-21 03:27:00+00:00,sl,False,False,False,False,True,2031.185,2031.0825,0.0,0.0,0.09,-31.923879376410824,0.0,0.99,0.8999999999999999,1.89,929.6461530485656
2024-02-22 00:30:00+00:00,BUY,2029.205,929.6461530485656,2024-02-22 08:20:00+00:00,sl,False,False,False,False,True,2029.935,2029.5955,0.0,0.0,0.08,-29.265803103682337,0.0,0.88,0.8000000000000002,1.6800000000000002,900.3803499448833
2024-02-23 00:30:00+00:00,SELL,2025.695,900.3803499448833,2024-02-23 04:16:00+00:00,tp3,False,False,True,False,True,2024.605,2025.475,0.0,0.0,0.08,48.96925327495621,0.0,0.88,0.8000000000000002,1.6800000000000002,949.3496032198395
2024-02-26 00:45:00+00:00,BUY,2032.9,949.3496032198395,2024-02-26 09:14:00+00:00,sl,False,False,False,False,True,2033.358,2033.1392500000002,0.0,0.0,0.06,-27.8616108380154,0.0,0.6599999999999999,0.5999999999999999,1.2599999999999998,921.4879923818241
2024-02-27 00:30:00+00:00,BUY,2033.3515,921.4879923818241,2024-02-27 03:41:00+00:00,tp3,False,False,True,False,True,2033.715,2033.573425,0.0,0.0,0.1,45.92952103413872,0.0,1.1,1.0,2.1,967.4175134159628
2024-02-28 00:30:00+00:00,SELL,2030.348,967.4175134159628,2024-02-28 08:21:00+00:00,sl,False,False,False,False,True,2030.025,2030.0895,0.0,0.0,0.1,-31.03958979624131,0.0,1.1,1.0,2.1,936.3779236197215
2024-02-29 00:30:00+00:00,BUY,2035.205,936.3779236197215,2024-02-29 05:29:00+00:00,sl,False,False,False,False,True,2035.445,2035.4745,0.0,0.0,0.1,-30.75765815797204,0.0,1.1,1.0,2.1,905.6202654617495
2024-03-01 00:30:00+00:00,BUY,2044.98,905.6202654617495,2024-03-01 03:25:00+00:00,sl,False,False,False,False,True,2045.055,2045.31825,0.0,0.0,0.1,-30.38999999999951,0.0,1.1,1.0,2.1,875.2302654617499
2024-03-04 00:30:00+00:00,BUY,2080.61,875.2302654617499,2024-03-04 08:58:00+00:00,tp3,False,False,True,False,True,2081.635,2080.72825,0.0,0.0,0.04,43.54088591665109,0.0,0.44,0.4000000000000001,0.8400000000000001,918.771151378401
2024-03-05 00:30:00+00:00,BUY,2115.63,918.771151378401,2024-03-05 05:08:00+00:00,tp3,False,False,True,False,True,2116.295,2115.83075,0.0,0.0,0.06,52.03728105306731,0.0,0.6599999999999999,0.5999999999999999,1.2599999999999998,970.8084324314683
2024-03-06 00:30:00+00:00,BUY,2126.505,970.8084324314683,2024-03-06 08:16:00+00:00,tp3,False,False,True,False,True,2127.585,2126.7525,0.0,0.0,0.07,50.82724738571759,0.0,0.77,0.7000000000000002,1.4700000000000002,1021.6356798171859
2024-03-07 00:30:00+00:00,BUY,2156.856,1021.6356798171859,2024-03-07 09:43:00+00:00,sl,False,False,False,False,True,2157.445,2157.5831,0.0,0.0,0.04,-33.30663383867963,0.0,0.44,0.4000000000000001,0.8400000000000001,988.3290459785062
2024-03-08 00:30:00+00:00,BUY,2157.62,988.3290459785062,2024-03-08 04:23:00+00:00,tp3,False,False,True,False,True,2158.015,2157.7822499999997,0.0,0.0,0.06,51.905482448042896,0.0,0.6599999999999999,0.5999999999999999,1.2599999999999998,1040.234528426549
2024-03-11 00:30:00+00:00,BUY,2180.825,1040.234528426549,2024-03-12 06:18:00+00:00,sl,False,False,False,False,True,2181.485,2181.2264999999998,0.0,0.0,0.03,-28.248869077674183,-0.153,0.32999999999999996,0.29999999999999993,0.6299999999999999,1011.985659348875
2024-03-12 00:30:00+00:00,BUY,2178.5765,1011.985659348875,2024-03-12 06:17:00+00:00,sl,False,False,False,False,True,2178.805,2178.850675,0.0,0.0,0.06,-30.32256869719709,0.0,0.6599999999999999,0.5999999999999999,1.2599999999999998,981.6630906516779
2024-03-13 00:30:00+00:00,SELL,2159.31,981.6630906516779,2024-03-13 06:56:00+00:00,sl,False,False,False,False,True,2158.858,2159.05975,0.0,0.0,0.06,-31.477545933599465,0.0,0.6599999999999999,0.5999999999999999,1.2599999999999998,950.1855447180784
2024-03-14 00:45:00+00:00,BUY,2170.7865,950.1855447180784,2024-03-14 07:17:00+00:00,sl,False,False,False,False,True,2171.405,2171.368675,0.0,0.0,0.06,-30.474599999996606,0.0,0.6599999999999999,0.5999999999999999,1.2599999999999998,919.7109447180818
2024-03-15 00:30:00+00:00,BUY,2164.628,919.7109447180818,2024-03-15 07:38:00+00:00,sl,False,False,False,False,True,2165.085,2165.0515,0.0,0.0,0.07,-30.25387520611614,0.0,0.77,0.7000000000000002,1.4700000000000002,889.4570695119656
2024-03-18 00:30:00+00:00,SELL,2147.56,889.4570695119656,2024-03-18 03:21:00+00:00,sl,False,False,False,False,True,2146.785,2147.22725,0.0,0.0,0.04,-29.599687471940197,0.0,0.44,0.4000000000000001,0.8400000000000001,859.8573820400254
2024-03-19 00:30:00+00:00,SELL,2159.35,859.8573820400254,2024-03-19 03:18:00+00:00,tp3,False,False,True,False,True,2158.375,2158.7862499999997,0.0,0.0,0.05,41.38500000000268,0.0,0.55,0.5,1.05,901.2423820400281
2024-03-20 00:30:00+00:00,SELL,2157.2,901.2423820400281,2024-03-20 07:43:00+00:00,tp3,False,False,True,False,True,2156.915,2156.92225,0.0,0.0,0.08,50.07797991659783,0.0,0.88,0.8000000000000002,1.6800000000000002,951.320361956626
2024-03-21 00:30:00+00:00,BUY,2203.32,951.320361956626,2024-03-21 08:53:00+00:00,sl,False,False,False,False,True,2203.615,2203.71875,0.0,0.0,0.03,-30.092754890762425,0.0,0.32999999999999996,0.29999999999999993,0.6299999999999999,921.2276070658636
2024-03-22 00:30:00+00:00,SELL,2173.865,921.2276070658636,2024-03-22 12:21:00+00:00,tp3,False,False,True,False,True,2173.415,2173.3534999999997,0.0,0.0,0.04,47.07261394810317,0.0,0.44,0.4000000000000001,0.8400000000000001,968.3002210139667
2024-03-25 00:30:00+00:00,SELL,2169.5150000000003,968.3002210139667,2024-03-25 07:32:00+00:00,sl,False,False,False,False,True,2168.955,2169.13,0.0,0.0,0.04,-30.28450514485652,0.0,0.44,0.4000000000000001,0.8400000000000001,938.0157158691102
2024-03-26 00:30:00+00:00,BUY,2172.205,938.0157158691102,2024-03-26 04:13:00+00:00,tp3,False,False,True,False,True,2172.745,2172.4855000000002,0.0,0.0,0.06,47.03423110904827,0.0,0.6599999999999999,0.5999999999999999,1.2599999999999998,985.0499469781585
2024-03-27 00:30:00+00:00,BUY,2177.305,985.0499469781585,2024-03-27 04:44:00+00:00,tp3,False,False,True,False,True,2177.975,2177.855,0.0,0.0,0.05,50.66072213113121,0.0,0.55,0.5,1.05,1035.7106691092897
2024-03-28 00:45:00+00:00,BUY,2195.145,1035.7106691092897,2024-03-28 03:03:00+00:00,sl,False,False,False,False,True,2198.215,2195.5685,0.0,0.0,0.05,-30.570455951587792,0.0,0.55,0.5,1.05,1005.140213157702
2024-04-01 00:30:00+00:00,BUY,2263.075,1005.140213157702,,,,,,,False,,,0.0,0.0,0.0,0.0,0.0,0.0,0.0,0.0,1005.140213157702
2024-04-02 00:30:00+00:00,BUY,2251.585,1005.140213157702,2024-04-02 09:48:00+00:00,tp3,False,False,True,False,True,2252.158,2251.97,0.0,0.0,0.04,55.01228504990664,0.0,0.44,0.4000000000000001,0.8400000000000001,1060.1524982076087
2024-04-03 00:30:00+00:00,BUY,2285.9615000000003,1060.1524982076087,,,,,,,False,,,0.0,0.0,0.0,0.0,0.0,0.0,0.0,0.0,1060.1524982076087
2024-04-04 00:30:00+00:00,BUY,2298.8465,1060.1524982076087,2024-04-04 04:00:00+00:00,sl,False,False,False,False,True,2299.295,2299.181175,0.0,0.0,0.05,-35.90075811181559,0.0,0.55,0.5,1.05,1024.2517400957931
2024-04-05 00:30:00+00:00,SELL,2277.635,1024.2517400957931,2024-04-05 03:44:00+00:00,sl,False,False,False,False,True,2276.645,2277.0025,0.0,0.0,0.03,-31.854826916860365,0.0,0.32999999999999996,0.29999999999999993,0.6299999999999999,992.3969131789328
2024-04-08 00:30:00+00:00,BUY,2343.56,992.3969131789328,,,,,,,False,,,0.0,0.0,0.0,0.0,0.0,0.0,0.0,0.0,992.3969131789328
2024-04-09 00:30:00+00:00,BUY,2343.76,992.3969131789328,2024-04-09 04:33:00+00:00,tp3,False,False,True,False,True,2344.155,2344.07625,0.0,0.0,0.04,54.59421065135953,0.0,0.44,0.4000000000000001,0.8400000000000001,1046.9911238302923
2024-04-10 00:30:00+00:00,BUY,2352.09,1046.9911238302923,2024-04-10 05:31:00+00:00,sl,False,False,False,False,True,2354.855,2352.78575,0.0,0.0,0.04,-30.170734808510897,0.0,0.44,0.4000000000000001,0.8400000000000001,1016.8203890217814
2024-04-11 00:30:00+00:00,BUY,2344.535,1016.8203890217814,,,,,,,False,,,0.0,0.0,0.0,0.0,0.0,0.0,0.0,0.0,1016.8203890217814
2024-04-12 00:30:00+00:00,BUY,2383.67,1016.8203890217814,2024-04-12 10:06:00+00:00,tp3,False,False,True,False,True,2384.945,2384.21175,0.0,0.0,0.03,60.37795265572378,0.0,0.32999999999999996,0.29999999999999993,0.6299999999999999,1077.1983416775051
2024-04-15 00:30:00+00:00,SELL,2357.185,1077.1983416775051,2024-04-15 14:56:00+00:00,sl,False,False,False,False,True,2356.485,2356.437,0.0,0.0,0.02,-41.05568838343508,0.0,0.22,0.20000000000000004,0.42000000000000004,1036.14265329407
2024-04-16 00:30:00+00:00,BUY,2386.16,1036.14265329407,2024-04-16 02:34:00+00:00,sl,False,False,False,False,True,2387.235,2387.24075,0.0,0.0,0.03,-33.372817870944694,0.0,0.32999999999999996,0.29999999999999993,0.6299999999999999,1002.7698354231253
2024-04-17 00:30:00+00:00,BUY,2381.61,1002.7698354231253,2024-04-17 02:17:00+00:00,sl,False,False,False,False,True,2381.785,2381.87125,0.0,0.0,0.04,-31.381831649828964,0.0,0.44,0.4000000000000001,0.8400000000000001,971.3880037732963
2024-04-18 00:30:00+00:00,SELL,2373.9515,971.3880037732963,,,,,,,False,,,0.0,0.0,0.0,0.0,0.0,0.0,0.0,0.0,971.3880037732963
2024-04-19 00:30:00+00:00,BUY,2386.664,971.3880037732963,2024-04-22 00:00:00+00:00,sl,False,False,False,False,True,2387.835,2387.764,0.0,0.0,0.01,-10.980101807623425,-0.153,0.11,0.10000000000000002,0.21000000000000002,960.4079019656729
2024-04-22 00:30:00+00:00,SELL,2370.86,960.4079019656729,2024-04-22 07:18:00+00:00,tp3,False,False,True,False,True,2369.925,2370.02675,0.0,0.0,0.02,48.88417769515952,0.0,0.22,0.20000000000000004,0.42000000000000004,1009.2920796608324
2024-04-23 00:30:00+00:00,SELL,2304.765,1009.2920796608324,2024-04-23 09:45:00+00:00,sl,False,False,False,False,True,2303.855,2303.665,0.0,0.0,0.02,-32.89971503286499,0.0,0.22,0.20000000000000004,0.42000000000000004,976.3923646279675
2024-04-24 00:30:00+00:00,SELL,2328.2200000000003,976.3923646279675,2024-04-24 05:30:00+00:00,tp3,False,False,True,False,True,2327.055,2327.25475,0.0,0.0,0.04,57.65707067334384,0.0,0.44,0.4000000000000001,0.8400000000000001,1034.0494353013114
2024-04-25 00:30:00+00:00,SELL,2313.8595,1034.0494353013114,2024-04-25 02:51:00+00:00,sl,False,False,False,False,True,2313.035,2313.4329749999997,0.0,0.0,0.03,-27.877721510726932,0.0,0.32999999999999996,0.29999999999999993,0.6299999999999999,1006.1717137905845
2024-04-26 00:45:00+00:00,BUY,2336.4415,1006.1717137905845,2024-04-26 05:11:00+00:00,tp3,False,False,True,False,True,2337.245,2337.319575,0.0,0.0,0.04,52.036080000003636,0.0,0.44,0.4000000000000001,0.8400000000000001,1058.207793790588
2024-04-29 00:30:00+00:00,SELL,2328.8,1058.207793790588,2024-04-29 04:24:00+00:00,sl,False,False,False,False,True,2327.805,2327.9502500000003,0.0,0.0,0.03,-30.449979214288195,0.0,0.32999999999999996,0.29999999999999993,0.6299999999999999,1027.7578145762998
2024-04-30 00:30:00+00:00,SELL,2328.465,1027.7578145762998,2024-04-30 04:28:00+00:00,tp3,False,False,True,False,True,2325.795,2327.9590000000003,0.0,0.0,0.04,50.331367747758264,0.0,0.44,0.4000000000000001,0.8400000000000001,1078.0891823240581
2024-05-01 00:30:00+00:00,SELL,2283.12,1078.0891823240581,,,,,,,False,,,0.0,0.0,0.0,0.0,0.0,0.0,0.0,0.0,1078.0891823240581
2024-05-02 00:30:00+00:00,BUY,2320.025,1078.0891823240581,2024-05-02 03:09:00+00:00,sl,False,False,False,False,True,2319.975,2320.4925,0.0,0.0,0.04,-33.28466432812078,0.0,0.44,0.4000000000000001,0.8400000000000001,1044.8045179959374
2024-05-03 00:30:00+00:00,BUY,2303.055,1044.8045179959374,2024-05-03 03:04:00+00:00,sl,False,False,False,False,True,2304.195,2303.4345,0.0,0.0,0.05,-32.72322794691472,0.0,0.55,0.5,1.05,1012.0812900490228
2024-05-06 00:30:00+00:00,BUY,2308.885,1012.0812900490228,2024-05-06 09:40:00+00:00,tp3,False,False,True,False,True,2309.785,2309.3635000000004,0.0,0.0,0.03,59.01008043687954,0.0,0.32999999999999996,0.29999999999999993,0.6299999999999999,1071.0913704859022
2024-05-07 00:30:00+00:00,BUY,2324.16,1071.0913704859022,,,,,,,False,,,0.0,0.0,0.0,0.0,0.0,0.0,0.0,0.0,1071.0913704859022
2024-05-08 00:30:00+00:00,BUY,2317.5550000000003,1071.0913704859022,2024-05-08 03:25:00+00:00,sl,False,False,False,False,True,2318.465,2318.0170000000003,0.0,0.0,0.05,-33.1112885656692,0.0,0.55,0.5,1.05,1037.980081920233
2024-05-09 00:30:00+00:00,BUY,2312.9300000000003,1037.980081920233,2024-05-09 05:40:00+00:00,sl,False,False,False,False,True,2313.695,2313.53225,0.0,0.0,0.06,-32.79937056813811,0.0,0.6599999999999999,0.5999999999999999,1.2599999999999998,1005.1807113520949
2024-05-10 00:30:00+00:00,BUY,2352.8265,1005.1807113520949,2024-05-10 02:52:00+00:00,tp3,False,False,True,False,True,2353.085,2353.122675,0.0,0.0,0.04,51.021904866003894,0.0,0.44,0.4000000000000001,0.8400000000000001,1056.202616218099
2024-05-13 00:30:00+00:00,BUY,2355.92,1056.202616218099,,,,,,,False,,,0.0,0.0,0.0,0.0,0.0,0.0,0.0,0.0,1056.202616218099
2024-05-14 00:30:00+00:00,BUY,2343.7315,1056.202616218099,2024-05-14 02:37:00+00:00,sl,False,False,False,False,True,2344.345,2344.2284250000002,0.0,0.0,0.05,-30.531294376867027,0.0,0.55,0.5,1.05,1025.671321841232
2024-05-15 00:30:00+00:00,BUY,2360.0565,1025.671321841232,2024-05-15 04:37:00+00:00,tp3,False,False,True,False,True,2360.988,2360.402175,0.0,0.0,0.06,51.9942819106784,0.0,0.6599999999999999,0.5999999999999999,1.2599999999999998,1077.6656037519103
2024-05-16 00:30:00+00:00,BUY,2388.125,1077.6656037519103,2024-05-16 06:32:00+00:00,sl,False,False,False,False,True,2390.395,2388.774,0.0,0.0,0.04,-34.2586165943338,0.0,0.44,0.4000000000000001,0.8400000000000001,1043.4069871575766
2024-05-17 00:45:00+00:00,BUY,2377.165,1043.4069871575766,2024-05-17 07:25:00+00:00,tp3,False,False,True,False,True,2378.065,2377.5225,0.0,0.0,0.06,59.201353649207924,0.0,0.6599999999999999,0.5999999999999999,1.2599999999999998,1102.6083408067846
2024-05-20 00:30:00+00:00,BUY,2438.0215,1102.6083408067846,2024-05-20 08:09:00+00:00,sl,False,False,False,False,True,2438.815,2438.861075,0.0,0.0,0.02,-30.233825400064163,0.0,0.22,0.20000000000000004,0.42000000000000004,1072.3745154067203
2024-05-21 00:30:00+00:00,BUY,2413.52,1072.3745154067203,2024-05-22 07:43:00+00:00,sl,False,False,False,False,True,2414.655,2414.1552500000003,0.0,0.0,0.03,-18.465791687908816,-0.153,0.32999999999999996,0.29999999999999993,0.6299999999999999,1053.9087237188114
2024-05-22 00:30:00+00:00,SELL,2413.364,1053.9087237188114,2024-05-22 10:10:00+00:00,tp3,False,False,True,False,True,2412.404,2412.6435,0.0,0.0,0.04,59.533598989272065,0.0,0.44,0.4000000000000001,0.8400000000000001,1113.4423227080836
2024-05-23 00:30:00+00:00,SELL,2372.435,1113.4423227080836,2024-05-23 02:01:00+00:00,tp3,False,False,True,False,True,2372.515,2372.0225,0.0,0.0,0.04,64.6242561278597,0.0,0.44,0.4000000000000001,0.8400000000000001,1178.0665788359433
2024-05-24 00:30:00+00:00,SELL,2331.85,1178.0665788359433,,,,,,,False,,,0.0,0.0,0.0,0.0,0.0,0.0,0.0,0.0,1178.0665788359433
2024-05-27 00:30:00+00:00,SELL,2344.4165000000003,1178.0665788359433,2024-05-27 09:35:00+00:00,sl,False,False,False,False,True,2342.995,2343.574175,0.0,0.0,0.04,-33.74903629625791,0.0,0.44,0.4000000000000001,0.8400000000000001,1144.3175425396855
2024-05-28 00:30:00+00:00,BUY,2350.975,1144.3175425396855,2024-05-28 02:21:00+00:00,sl,False,False,False,False,True,2351.215,2351.3435,0.0,0.0,0.06,-36.91710747493267,0.0,0.6599999999999999,0.5999999999999999,1.2599999999999998,1107.4004350647529
2024-05-29 00:30:00+00:00,BUY,2357.5415000000003,1107.4004350647529,2024-05-29 02:36:00+00:00,sl,False,False,False,False,True,2358.105,2357.988925,0.0,0.0,0.05,-33.53086724144514,0.0,0.55,0.5,1.05,1073.8695678233078
2024-05-30 00:30:00+00:00,SELL,2335.085,1073.8695678233078,2024-05-30 08:35:00+00:00,sl,False,False,False,False,True,2334.695,2334.4745,0.0,0.0,0.04,-30.224612884778107,0.0,0.44,0.4000000000000001,0.8400000000000001,1043.6449549385297
2024-05-31 00:30:00+00:00,BUY,2344.2465,1043.6449549385297,2024-05-31 09:02:00+00:00,tp3,False,False,True,False,True,2344.815,2344.8781750000003,0.0,0.0,0.04,50.864902739540554,0.0,0.44,0.4000000000000001,0.8400000000000001,1094.5098576780704
2024-06-03 00:30:00+00:00,SELL,2321.27,1094.5098576780704,2024-06-03 06:42:00+00:00,sl,False,False,False,False,True,2321.298,2320.65125,0.0,0.0,0.03,-30.789151013866448,0.0,0.32999999999999996,0.29999999999999993,0.6299999999999999,1063.7207066642038
2024-06-04 00:45:00+00:00,BUY,2347.8050000000003,1063.7207066642038,2024-06-04 03:39:00+00:00,sl,False,False,False,False,True,2348.555,2348.2340000000004,0.0,0.0,0.05,-32.35112022588491,0.0,0.55,0.5,1.05,1031.369586438319
2024-06-05 00:30:00+00:00,BUY,2336.893,1031.369586438319,2024-06-05 02:15:00+00:00,sl,False,False,False,False,True,2337.315,2337.35225,0.0,0.0,0.05,-29.872481835936743,0.0,0.55,0.5,1.05,1001.4971046023823
2024-06-06 00:30:00+00:00,BUY,2367.928,1001.4971046023823,2024-06-06 05:32:00+00:00,sl,False,False,False,False,True,2368.438,2368.5550000000003,0.0,0.0,0.04,-34.15126296063485,0.0,0.44,0.4000000000000001,0.8400000000000001,967.3458416417474
2024-06-07 00:30:00+00:00,BUY,2380.545,967.3458416417474,2024-06-07 01:57:00+00:00,sl,False,False,False,False,True,2384.795,2381.3315,0.0,0.0,0.03,-26.140608375707306,0.0,0.32999999999999996,0.29999999999999993,0.6299999999999999,941.2052332660401
2024-06-10 00:30:00+00:00,SELL,2293.945,941.2052332660401,2024-06-10 07:58:00+00:00,sl,False,False,False,False,True,2292.915,2293.2135,0.0,0.0,0.02,-24.08442575441306,0.0,0.22,0.20000000000000004,0.42000000000000004,917.120807511627
2024-06-11 00:45:00+00:00,SELL,2302.646,917.120807511627,2024-06-11 06:27:00+00:00,sl,False,False,False,False,True,2301.655,2302.2599,0.0,0.0,0.04,-27.781877293418656,0.0,0.44,0.4000000000000001,0.8400000000000001,889.3389302182084
2024-06-12 00:30:00+00:00,SELL,2313.848,889.3389302182084,2024-06-12 08:30:00+00:00,sl,False,False,False,False,True,2313.688,2313.6389999999997,0.0,0.0,0.05,-29.850526682971395,0.0,0.55,0.5,1.05,859.488403535237
2024-06-13 00:30:00+00:00,SELL,2314.0215,859.488403535237,2024-06-13 08:35:00+00:00,sl,False,False,False,False,True,2311.945,2313.671425,0.0,0.0,0.03,-27.335981420693205,0.0,0.32999999999999996,0.29999999999999993,0.6299999999999999,832.1524221145438
2024-06-14 00:30:00+00:00,SELL,2304.4665,832.1524221145438,2024-06-14 02:27:00+00:00,sl,False,False,False,False,True,2305.905,2303.8716750000003,0.0,0.0,0.04,-24.108169666502217,0.0,0.44,0.4000000000000001,0.8400000000000001,808.0442524480416
2024-06-17 00:30:00+00:00,BUY,2324.2165,808.0442524480416,2024-06-17 02:38:00+00:00,sl,False,False,False,False,True,2324.785,2324.497825,0.0,0.0,0.03,-24.408556010282044,0.0,0.32999999999999996,0.29999999999999993,0.6299999999999999,783.6356964377595
2024-06-18 00:30:00+00:00,BUY,2323.6265000000003,783.6356964377595,2024-06-18 03:04:00+00:00,sl,False,False,False,False,True,2324.235,2324.0178250000004,0.0,0.0,0.04,-22.987189200690263,0.0,0.44,0.4000000000000001,0.8400000000000001,760.6485072370692
2024-06-19 00:30:00+00:00,BUY,2327.8900000000003,760.6485072370692,2024-06-19 21:35:00+00:00,tp3,False,False,True,False,True,2328.055,2328.12375,0.0,0.0,0.05,38.62338690246028,-0.765,0.55,0.5,1.05,799.2718941395295
2024-06-20 00:30:00+00:00,BUY,2334.62,799.2718941395295,2024-06-20 05:13:00+00:00,sl,False,False,False,False,True,2338.184,2335.15625,0.0,0.0,0.04,-25.151265395086593,0.0,0.44,0.4000000000000001,0.8400000000000001,774.1206287444429
2024-06-21 00:30:00+00:00,BUY,2361.6565,774.1206287444429,2024-06-21 03:18:00+00:00,sl,False,False,False,False,True,2361.965,2361.903175,0.0,0.0,0.05,-26.515666008901736,0.0,0.55,0.5,1.05,747.6049627355412
2024-06-24 00:30:00+00:00,SELL,2325.645,747.6049627355412,2024-06-24 14:14:00+00:00,sl,False,False,False,False,True,2325.155,2325.172,0.0,0.0,0.03,-25.12709904899373,0.0,0.32999999999999996,0.29999999999999993,0.6299999999999999,722.4778636865475
2024-06-25 00:30:00+00:00,SELL,2324.423,722.4778636865475,2024-06-25 05:19:00+00:00,sl,False,False,False,False,True,2324.095,2323.42475,0.0,0.0,0.03,-25.67699999999775,0.0,0.32999999999999996,0.29999999999999993,0.6299999999999999,696.8008636865497
2024-06-26 00:30:00+00:00,SELL,2316.953,696.8008636865497,2024-06-26 09:17:00+00:00,tp3,False,False,True,False,True,2316.438,2316.64225,0.0,0.0,0.03,40.56622440332659,0.0,0.32999999999999996,0.29999999999999993,0.6299999999999999,737.3670880898763
2024-06-27 00:30:00+00:00,SELL,2299.8230000000003,737.3670880898763,2024-06-27 04:38:00+00:00,sl,False,False,False,False,True,2298.958,2299.16575,0.0,0.0,0.04,-22.827999999999374,0.0,0.44,0.4000000000000001,0.8400000000000001,714.5390880898769
2024-06-28 00:30:00+00:00,BUY,2320.9,714.5390880898769,2024-06-28 04:26:00+00:00,tp3,False,False,True,False,True,2321.108,2321.34275,0.0,0.0,0.04,39.34946981051522,0.0,0.44,0.4000000000000001,0.8400000000000001,753.8885579003921
2024-07-01 00:30:00+00:00,BUY,2324.94,753.8885579003921,2024-07-02 07:40:00+00:00,sl,False,False,False,False,True,2325.805,2325.45975,0.0,0.0,0.03,-10.736454149381325,-0.153,0.32999999999999996,0.29999999999999993,0.6299999999999999,743.1521037510108
2024-07-02 00:45:00+00:00,BUY,2325.4395,743.1521037510108,2024-07-02 07:41:00+00:00,sl,False,False,False,False,True,2327.345,2325.799475,0.0,0.0,0.04,-21.2626945127848,0.0,0.44,0.4000000000000001,0.8400000000000001,721.889409238226
2024-07-03 00:30:00+00:00,BUY,2332.2380000000003,721.889409238226,2024-07-03 03:12:00+00:00,tp3,False,False,True,False,True,2333.208,2332.59,0.0,0.0,0.05,41.390090764960135,0.0,0.55,0.5,1.05,763.2795000031862
2024-07-04 00:30:00+00:00,BUY,2358.5615,763.2795000031862,2024-07-04 02:30:00+00:00,sl,False,False,False,False,True,2359.078,2358.955575,0.0,0.0,0.04,-23.907414094952255,0.0,0.44,0.4000000000000001,0.8400000000000001,739.3720859082339
2024-07-05 00:30:00+00:00,BUY,2361.803,739.3720859082339,2024-07-05 08:32:00+00:00,tp3,False,False,True,False,True,2362.198,2362.11375,0.0,0.0,0.04,35.76851663154062,0.0,0.44,0.4000000000000001,0.8400000000000001,775.1406025397745
2024-07-08 00:30:00+00:00,BUY,2382.885,775.1406025397745,2024-07-08 04:34:00+00:00,sl,False,False,False,False,True,2384.448,2383.413,0.0,0.0,0.03,-27.713654255769033,0.0,0.32999999999999996,0.29999999999999993,0.6299999999999999,747.4269482840054
2024-07-09 00:30:00+00:00,BUY,2367.8915,747.4269482840054,2024-07-09 03:18:00+00:00,sl,False,False,False,False,True,2367.965,2368.201425,0.0,0.0,0.04,-25.89353636138352,0.0,0.44,0.4000000000000001,0.8400000000000001,721.5334119226219
2024-07-10 00:30:00+00:00,BUY,2368.175,721.5334119226219,2024-07-10 07:48:00+00:00,tp3,False,False,True,False,True,2368.308,2368.5215,0.0,0.0,0.04,37.10404428513735,0.0,0.44,0.4000000000000001,0.8400000000000001,758.6374562077592
2024-07-11 01:00:00+00:00,BUY,2381.5780000000004,758.6374562077592,2024-07-11 08:30:00+00:00,tp3,False,False,True,False,True,2382.328,2381.996,0.0,0.0,0.05,37.80656797064485,0.0,0.55,0.5,1.05,796.4440241784041
2024-07-12 00:30:00+00:00,BUY,2408.6015,796.4440241784041,2024-07-12 02:52:00+00:00,sl,False,False,False,False,True,2408.725,2408.9130750000004,0.0,0.0,0.04,-25.484170439019945,0.0,0.44,0.4000000000000001,0.8400000000000001,770.9598537393841
2024-07-15 00:30:00+00:00,BUY,2412.09,770.9598537393841,2024-07-15 02:09:00+00:00,sl,False,False,False,False,True,2412.425,2412.43375,0.0,0.0,0.04,-23.315574597401646,0.0,0.44,0.4000000000000001,0.8400000000000001,747.6442791419825
2024-07-16 00:30:00+00:00,BUY,2427.378,747.6442791419825,2024-07-16 05:28:00+00:00,tp3,False,False,True,False,True,2428.005,2428.0215,0.0,0.0,0.03,36.028265645047775,0.0,0.32999999999999996,0.29999999999999993,0.6299999999999999,783.6725447870302
2024-07-17 00:30:00+00:00,BUY,2471.6015,783.6725447870302,2024-07-17 11:09:00+00:00,sl,False,False,False,False,True,2472.205,2472.131425,0.0,0.0,0.02,-23.061680293111678,0.0,0.22,0.20000000000000004,0.42000000000000004,760.6108644939186
2024-07-18 00:30:00+00:00,BUY,2466.903,760.6108644939186,2024-07-18 09:33:00+00:00,sl,False,False,False,False,True,2467.395,2467.53825,0.0,0.0,0.03,-22.39985259776893,0.0,0.32999999999999996,0.29999999999999993,0.6299999999999999,738.2110118961497
2024-07-19 00:30:00+00:00,SELL,2428.26,738.2110118961497,2024-07-19 08:31:00+00:00,tp3,False,False,True,False,True,2424.695,2427.75675,0.0,0.0,0.02,36.524239068204295,0.0,0.22,0.20000000000000004,0.42000000000000004,774.735250964354
2024-07-22 00:30:00+00:00,SELL,2405.735,774.735250964354,2024-07-22 10:27:00+00:00,tp3,False,False,True,False,True,2403.985,2405.0365,0.0,0.0,0.03,45.05629278076241,0.0,0.32999999999999996,0.29999999999999993,0.6299999999999999,819.7915437451164
2024-07-23 00:30:00+00:00,SELL,2398.2315,819.7915437451164,2024-07-23 04:48:00+00:00,sl,False,False,False,False,True,2397.534,2397.787925,0.0,0.0,0.04,-27.260377170648862,0.0,0.44,0.4000000000000001,0.8400000000000001,792.5311665744675
2024-07-24 00:30:00+00:00,BUY,2416.5565,792.5311665744675,2024-07-24 10:53:00+00:00,tp3,False,False,True,False,True,2416.914,2416.9038250000003,0.0,0.0,0.03,40.71423635747589,0.0,0.32999999999999996,0.29999999999999993,0.6299999999999999,833.2454029319434
2024-07-25 00:30:00+00:00,SELL,2374.128,833.2454029319434,2024-07-26 09:36:00+00:00,sl,False,False,False,False,True,2373.365,2373.545,0.0,0.0,0.02,-13.240011102629905,0.0,0.22,0.20000000000000004,0.42000000000000004,820.0053918293136
2024-07-26 00:30:00+00:00,SELL,2371.593,820.0053918293136,2024-07-26 09:36:00+00:00,sl,False,False,False,False,True,2370.515,2370.9742499999998,0.0,0.0,0.03,-29.96590599204308,0.0,0.32999999999999996,0.29999999999999993,0.6299999999999999,790.0394858372705
2024-07-29 00:30:00+00:00,BUY,2395.1015,790.0394858372705,2024-07-29 10:42:00+00:00,sl,False,False,False,False,True,2394.745,2395.5544250000003,0.0,0.0,0.03,-27.391636648770945,0.0,0.32999999999999996,0.29999999999999993,0.6299999999999999,762.6478491884995
2024-07-30 00:30:00+00:00,BUY,2386.065,762.6478491884995,2024-07-30 13:00:00+00:00,tp3,False,False,True,False,True,2388.005,2386.34,0.0,0.0,0.03,36.21109002330797,0.0,0.32999999999999996,0.29999999999999993,0.6299999999999999,798.8589392118075
2024-07-31 00:30:00+00:00,BUY,2415.745,798.8589392118075,2024-07-31 14:49:00+00:00,tp3,False,False,True,False,True,2416.625,2416.548,0.0,0.0,0.03,51.046362066245926,0.0,0.32999999999999996,0.29999999999999993,0.6299999999999999,849.9053012780535
2024-08-01 00:30:00+00:00,BUY,2443.1015,849.9053012780535,2024-08-01 04:35:00+00:00,sl,False,False,False,False,True,2445.774,2443.526925,0.0,0.0,0.03,-30.701501576055197,0.0,0.32999999999999996,0.29999999999999993,0.6299999999999999,819.2037997019983
2024-08-02 00:30:00+00:00,BUY,2455.0910000000003,819.2037997019983,2024-08-02 10:37:00+00:00,sl,False,False,False,False,True,2457.085,2455.6316500000003,0.0,0.0,0.02,-23.838316916500773,0.0,0.22,0.20000000000000004,0.42000000000000004,795.3654827854975
2024-08-05 00:30:00+00:00,BUY,2452.748,795.3654827854975,2024-08-05 01:52:00+00:00,sl,False,False,False,False,True,2453.355,2453.848,0.0,0.0,0.01,-17.950991904741805,0.0,0.11,0.10000000000000002,0.21000000000000002,777.4144908807557
2024-08-06 00:30:00+00:00,SELL,2409.39,777.4144908807557,2024-08-06 10:31:00+00:00,tp3,False,False,True,False,True,2407.705,2408.72725,0.0,0.0,0.02,38.609918732569966,0.0,0.22,0.20000000000000004,0.42000000000000004,816.0244096133257
2024-08-07 00:30:00+00:00,SELL,2387.508,816.0244096133257,,,,,,,False,,,0.0,0.0,0.0,0.0,0.0,0.0,0.0,0.0,816.0244096133257
2024-08-08 00:30:00+00:00,SELL,2394.835,816.0244096133257,2024-08-08 06:43:00+00:00,sl,False,False,False,False,True,2392.925,2394.197,0.0,0.0,0.03,-25.618710287554567,0.0,0.32999999999999996,0.29999999999999993,0.6299999999999999,790.4056993257711
2024-08-09 00:30:00+00:00,BUY,2420.963,790.4056993257711,2024-08-09 13:02:00+00:00,tp3,False,False,True,False,True,2422.035,2421.4387500000003,0.0,0.0,0.03,40.09095568678378,0.0,0.32999999999999996,0.29999999999999993,0.6299999999999999,830.4966550125549
2024-08-12 00:30:00+00:00,BUY,2428.9115,830.4966550125549,2024-08-12 05:17:00+00:00,tp3,False,False,True,False,True,2431.508,2429.360575,0.0,0.0,0.04,48.347368770453755,0.0,0.44,0.4000000000000001,0.8400000000000001,878.8440237830087
2024-08-13 00:30:00+00:00,BUY,2464.0945,878.8440237830087,2024-08-14 06:43:00+00:00,force_tp2,False,False,False,False,True,2463.698,2464.517725,0.0,0.0,0.03,26.96313094947286,-0.153,0.32999999999999996,0.29999999999999993,0.6299999999999999,905.8071547324815
2024-08-14 00:30:00+00:00,BUY,2461.24,905.8071547324815,2024-08-14 04:41:00+00:00,tp3,False,False,True,False,True,2461.465,2461.75425,0.0,0.0,0.04,53.959470320494944,0.0,0.44,0.4000000000000001,0.8400000000000001,959.7666250529765
2024-08-15 00:30:00+00:00,SELL,2454.4365,959.7666250529765,2024-08-15 06:11:00+00:00,sl,False,False,False,False,True,2453.768,2453.957175,0.0,0.0,0.05,-30.647625400288053,0.0,0.55,0.5,1.05,929.1189996526884
2024-08-16 00:30:00+00:00,SELL,2452.5115,929.1189996526884,2024-08-16 03:50:00+00:00,sl,False,False,False,False,True,2452.315,2452.150425,0.0,0.0,0.05,-31.917534207188783,0.0,0.55,0.5,1.05,897.2014654454997
2024-08-19 00:30:00+00:00,BUY,2503.685,897.2014654454997,2024-08-19 06:39:00+00:00,sl,False,False,False,False,True,2503.895,2504.1855,0.0,0.0,0.02,-22.557931619113262,0.0,0.22,0.20000000000000004,0.42000000000000004,874.6435338263865
2024-08-20 00:30:00+00:00,BUY,2501.78,874.6435338263865,2024-08-20 03:57:00+00:00,tp3,False,False,True,False,True,2502.425,2502.07975,0.0,0.0,0.04,47.7465108211201,0.0,0.44,0.4000000000000001,0.8400000000000001,922.3900446475066
2024-08-21 00:30:00+00:00,BUY,2517.005,922.3900446475066,2024-08-21 03:44:00+00:00,sl,False,False,False,False,True,2517.245,2517.2855,0.0,0.0,0.04,-32.148042430518984,0.0,0.44,0.4000000000000001,0.8400000000000001,890.2420022169875
2024-08-22 00:30:00+00:00,SELL,2501.2515000000003,890.2420022169875,2024-08-22 02:20:00+00:00,sl,False,False,False,False,True,2500.595,2500.681425,0.0,0.0,0.04,-30.025414644038246,0.0,0.44,0.4000000000000001,0.8400000000000001,860.2165875729493
2024-08-23 00:30:00+00:00,SELL,2493.7,860.2165875729493,2024-08-23 04:46:00+00:00,sl,False,False,False,False,True,2492.895,2493.32325,0.0,0.0,0.04,-25.467227243428933,0.0,0.44,0.4000000000000001,0.8400000000000001,834.7493603295203
2024-08-26 00:30:00+00:00,BUY,2510.15,834.7493603295203,2024-08-26 06:21:00+00:00,tp3,False,False,True,False,True,2510.625,2510.4167500000003,0.0,0.0,0.03,45.82396694482451,0.0,0.32999999999999996,0.29999999999999993,0.6299999999999999,880.5733272743448
2024-08-27 01:00:00+00:00,BUY,2507.19,880.5733272743448,2024-08-27 11:23:00+00:00,tp3,False,False,True,False,True,2507.928,2507.64925,0.0,0.0,0.04,45.438701121809714,0.0,0.44,0.4000000000000001,0.8400000000000001,926.0120283961545
2024-08-28 00:30:00+00:00,SELL,2514.9,926.0120283961545,2024-08-28 07:45:00+00:00,tp3,False,False,True,False,True,2513.685,2514.27575,0.0,0.0,0.04,48.801919775980565,0.0,0.44,0.4000000000000001,0.8400000000000001,974.813948172135
2024-08-29 00:30:00+00:00,BUY,2517.025,974.813948172135,2024-08-29 08:30:00+00:00,sl,False,False,False,False,True,2517.525,2517.531,0.0,0.0,0.05,-31.157880392486096,0.0,0.55,0.5,1.05,943.656067779649
2024-08-30 00:30:00+00:00,SELL,2513.215,943.656067779649,2024-08-30 02:25:00+00:00,sl,False,False,False,False,True,2513.295,2512.566,0.0,0.0,0.05,-30.833045182641673,0.0,0.55,0.5,1.05,912.8230225970074
2024-09-02 00:30:00+00:00,SELL,2497.7115,912.8230225970074,2024-09-02 04:54:00+00:00,sl,False,False,False,False,True,2496.605,2496.860925,0.0,0.0,0.03,-28.32567999740184,0.0,0.32999999999999996,0.29999999999999993,0.6299999999999999,884.4973425996055
2024-09-03 00:30:00+00:00,SELL,2494.42,884.4973425996055,2024-09-03 03:25:00+00:00,sl,False,False,False,False,True,2494.185,2494.08725,0.0,0.0,0.04,-24.979742898139957,0.0,0.44,0.4000000000000001,0.8400000000000001,859.5175997014655
2024-09-04 00:30:00+00:00,SELL,2494.89,859.5175997014655,2024-09-04 02:49:00+00:00,tp3,False,False,True,False,True,2494.735,2494.5902499999997,0.0,0.0,0.05,47.28479598472423,0.0,0.55,0.5,1.05,906.8023956861898
2024-09-05 00:30:00+00:00,SELL,2494.405,906.8023956861898,2024-09-05 01:48:00+00:00,sl,False,False,False,False,True,2494.234,2494.1575000000003,0.0,0.0,0.06,-28.655709874638667,0.0,0.6599999999999999,0.5999999999999999,1.2599999999999998,878.1466858115512
2024-09-06 00:30:00+00:00,BUY,2518.215,878.1466858115512,2024-09-06 07:50:00+00:00,sl,False,False,False,False,True,2519.008,2518.512,0.0,0.0,0.06,-26.426543602333147,0.0,0.6599999999999999,0.5999999999999999,1.2599999999999998,851.720142209218
2024-09-09 00:30:00+00:00,SELL,2498.9315,851.720142209218,2024-09-10 06:20:00+00:00,sl,False,False,False,False,True,2498.405,2498.704075,0.0,0.0,0.02,-21.831763470375265,0.0,0.22,0.20000000000000004,0.42000000000000004,829.8883787388428
2024-09-10 00:45:00+00:00,SELL,2501.575,829.8883787388428,2024-09-10 02:13:00+00:00,sl,False,False,False,False,True,2501.328,2501.3165,0.0,0.0,0.05,-23.923009217757954,0.0,0.55,0.5,1.05,805.9653695210849
2024-09-11 00:30:00+00:00,BUY,2519.3865,805.9653695210849,2024-09-11 08:31:00+00:00,sl,False,False,False,False,True,2519.705,2519.693675,0.0,0.0,0.05,-27.620822642142958,0.0,0.55,0.5,1.05,778.344546878942
2024-09-12 00:45:00+00:00,BUY,2516.085,778.344546878942,2024-09-12 08:37:00+00:00,tp3,False,False,True,False,True,2517.505,2516.415,0.0,0.0,0.05,40.1367439445723,0.0,0.55,0.5,1.05,818.4812908235143
2024-09-13 00:30:00+00:00,BUY,2567.2250000000004,818.4812908235143,2024-09-13 09:40:00+00:00,tp3,False,False,True,False,True,2568.955,2567.621,0.0,0.0,0.04,49.6057336261712,0.0,0.44,0.4000000000000001,0.8400000000000001,868.0870244496855
2024-09-16 00:30:00+00:00,BUY,2585.835,868.0870244496855,2024-09-16 06:52:00+00:00,sl,False,False,False,False,True,2585.898,2586.154,0.0,0.0,0.03,-26.87894303115343,0.0,0.32999999999999996,0.29999999999999993,0.6299999999999999,841.2080814185321
2024-09-17 00:30:00+00:00,BUY,2577.7045,841.2080814185321,2024-09-17 05:53:00+00:00,sl,False,False,False,False,True,2578.628,2578.111225,0.0,0.0,0.04,-25.576685181249413,0.0,0.44,0.4000000000000001,0.8400000000000001,815.6313962372826
2024-09-18 00:30:00+00:00,SELL,2575.135,815.6313962372826,2024-09-18 07:43:00+00:00,sl,False,False,False,False,True,2573.085,2574.497,0.0,0.0,0.04,-25.985603550576197,0.0,0.44,0.4000000000000001,0.8400000000000001,789.6457926867064
2024-09-19 00:30:00+00:00,SELL,2562.9750000000004,789.6457926867064,2024-09-19 01:54:00+00:00,sl,False,False,False,False,True,2562.375,2562.4085000000005,0.0,0.0,0.02,-19.92527834645982,0.0,0.22,0.20000000000000004,0.42000000000000004,769.7205143402466
2024-09-20 00:45:00+00:00,BUY,2592.6800000000003,769.7205143402466,2024-09-20 02:50:00+00:00,tp3,False,False,True,False,True,2593.545,2593.07875,0.0,0.0,0.04,40.14439289559064,0.0,0.44,0.4000000000000001,0.8400000000000001,809.8649072358372
2024-09-23 00:30:00+00:00,BUY,2629.375,809.8649072358372,2024-09-23 03:07:00+00:00,sl,False,False,False,False,True,2630.155,2630.211,0.0,0.0,0.03,-27.22215119157443,0.0,0.32999999999999996,0.29999999999999993,0.6299999999999999,782.6427560442628
2024-09-24 00:30:00+00:00,BUY,2633.125,782.6427560442628,2024-09-24 01:56:00+00:00,sl,False,False,False,False,True,2635.545,2633.818,0.0,0.0,0.04,-25.940534275468817,0.0,0.44,0.4000000000000001,0.8400000000000001,756.702221768794
2024-09-25 00:30:00+00:00,BUY,2660.8050000000003,756.702221768794,,,,,,,False,,,0.0,0.0,0.0,0.0,0.0,0.0,0.0,0.0,756.702221768794
2024-09-26 00:30:00+00:00,BUY,2661.7195,756.702221768794,2024-09-26 06:44:00+00:00,tp3,False,False,True,False,True,2662.225,2662.315975,0.0,0.0,0.04,43.85520895650566,0.0,0.44,0.4000000000000001,0.8400000000000001,800.5574307252996
2024-09-27 00:30:00+00:00,BUY,2672.205,800.5574307252996,,,,,,,False,,,0.0,0.0,0.0,0.0,0.0,0.0,0.0,0.0,800.5574307252996
2024-09-30 00:30:00+00:00,SELL,2652.8015,800.5574307252996,2024-09-30 09:44:00+00:00,tp3,False,False,True,False,True,2652.115,2652.330425,0.0,0.0,0.02,37.602145564152195,0.0,0.22,0.20000000000000004,0.42000000000000004,838.1595762894518
2024-10-01 00:30:00+00:00,SELL,2638.1,838.1595762894518,,,,,,,False,,,0.0,0.0,0.0,0.0,0.0,0.0,0.0,0.0,838.1595762894518
2024-10-02 00:30:00+00:00,BUY,2655.73,838.1595762894518,,,,,,,False,,,0.0,0.0,0.0,0.0,0.0,0.0,0.0,0.0,838.1595762894518
2024-10-03 00:30:00+00:00,BUY,2655.403,838.1595762894518,2024-10-03 03:26:00+00:00,sl,False,False,False,False,True,2655.984,2655.86775,0.0,0.0,0.04,-23.638674930538254,0.0,0.44,0.4000000000000001,0.8400000000000001,814.5209013589135
2024-10-04 00:30:00+00:00,BUY,2661.205,814.5209013589135,2024-10-04 05:53:00+00:00,sl,False,False,False,False,True,2662.915,2661.579,0.0,0.0,0.04,-23.633004314886275,0.0,0.44,0.4000000000000001,0.8400000000000001,790.8878970440272
2024-10-07 00:30:00+00:00,SELL,2647.86,790.8878970440272,2024-10-07 06:17:00+00:00,sl,False,False,False,False,True,2647.545,2647.51625,0.0,0.0,0.02,-21.12065981552125,0.0,0.22,0.20000000000000004,0.42000000000000004,769.767237228506
2024-10-08 00:30:00+00:00,SELL,2642.405,769.767237228506,2024-10-08 08:12:00+00:00,sl,False,False,False,False,True,2641.755,2641.745,0.0,0.0,0.02,-20.399145870444883,0.0,0.22,0.20000000000000004,0.42000000000000004,749.3680913580612
2024-10-09 00:30:00+00:00,SELL,2617.175,749.3680913580612,2024-10-10 08:31:00+00:00,sl,False,False,False,False,True,2616.385,2616.449,0.0,0.0,0.03,-11.620494155444138,0.0,0.32999999999999996,0.29999999999999993,0.6299999999999999,737.747597202617
2024-10-10 00:30:00+00:00,SELL,2612.2515000000003,737.747597202617,2024-10-10 05:36:00+00:00,sl,False,False,False,False,True,2611.535,2611.782075,0.0,0.0,0.03,-20.13451905738191,0.0,0.32999999999999996,0.29999999999999993,0.6299999999999999,717.6130781452351
2024-10-11 00:30:00+00:00,BUY,2644.608,717.6130781452351,2024-10-11 05:20:00+00:00,sl,False,False,False,False,True,2645.415,2645.0535,0.0,0.0,0.03,-22.67998650081643,0.0,0.32999999999999996,0.29999999999999993,0.6299999999999999,694.9330916444187
2024-10-14 00:30:00+00:00,BUY,2655.6400000000003,694.9330916444187,2024-10-14 08:43:00+00:00,sl,False,False,False,False,True,2656.295,2655.9122500000003,0.0,0.0,0.03,-19.46404966167609,0.0,0.32999999999999996,0.29999999999999993,0.6299999999999999,675.4690419827426
2024-10-15 00:30:00+00:00,SELL,2644.475,675.4690419827426,2024-10-15 03:27:00+00:00,sl,False,False,False,False,True,2643.875,2643.881,0.0,0.0,0.03,-21.612092906368506,0.0,0.32999999999999996,0.29999999999999993,0.6299999999999999,653.8569490763741
2024-10-16 00:30:00+00:00,BUY,2667.2615,653.8569490763741,2024-10-16 04:58:00+00:00,tp3,False,False,True,False,True,2667.405,2667.529075,0.0,0.0,0.03,35.36074833074564,0.0,0.32999999999999996,0.29999999999999993,0.6299999999999999,689.2176974071198
2024-10-17 00:30:00+00:00,BUY,2677.7700000000004,689.2176974071198,2024-10-17 10:36:00+00:00,tp3,False,False,True,False,True,2678.625,2678.53175,0.0,0.0,0.03,37.834122454885,0.0,0.32999999999999996,0.29999999999999993,0.6299999999999999,727.0518198620048
2024-10-18 00:30:00+00:00,BUY,2710.2895,727.0518198620048,2024-10-18 02:30:00+00:00,sl,False,False,False,False,True,2710.525,2710.759475,0.0,0.0,0.03,-23.871360282635468,0.0,0.32999999999999996,0.29999999999999993,0.6299999999999999,703.1804595793693
2024-10-21 00:30:00+00:00,BUY,2731.08,703.1804595793693,2024-10-21 10:50:00+00:00,sl,False,False,False,False,True,2731.565,2731.4897499999997,0.0,0.0,0.02,-17.39005001492744,0.0,0.22,0.20000000000000004,0.42000000000000004,685.7904095644419
2024-10-22 00:30:00+00:00,BUY,2732.785,685.7904095644419,2024-10-23 01:10:00+00:00,tp3,False,False,True,False,True,2733.935,2733.8849999999998,0.0,0.0,0.02,32.801999999999886,-0.102,0.22,0.20000000000000004,0.42000000000000004,718.5924095644418
2024-10-23 00:30:00+00:00,BUY,2746.525,718.5924095644418,2024-10-23 08:48:00+00:00,sl,False,False,False,False,True,2749.095,2747.2455,0.0,0.0,0.03,-20.7524017868858,0.0,0.32999999999999996,0.29999999999999993,0.6299999999999999,697.840007777556
2024-10-24 00:30:00+00:00,SELL,2723.355,697.840007777556,,,,,,,False,,,0.0,0.0,0.0,0.0,0.0,0.0,0.0,0.0,697.840007777556
2024-10-25 00:30:00+00:00,SELL,2726.4750000000004,697.840007777556,2024-10-25 02:47:00+00:00,sl,False,False,False,False,True,2724.085,2725.826,0.0,0.0,0.03,-20.607938284965602,0.0,0.32999999999999996,0.29999999999999993,0.6299999999999999,677.2320694925904
2024-10-28 00:30:00+00:00,BUY,2732.725,677.2320694925904,2024-10-28 21:04:00+00:00,tp3,False,False,True,False,True,2735.664,2733.5609999999997,0.0,0.0,0.02,38.826013125374836,-0.102,0.22,0.20000000000000004,0.42000000000000004,716.0580826179653
2024-10-29 00:30:00+00:00,BUY,2755.7265,716.0580826179653,2024-10-29 03:26:00+00:00,sl,False,False,False,False,True,2755.855,2756.271825,0.0,0.0,0.03,-24.674830027371517,0.0,0.32999999999999996,0.29999999999999993,0.6299999999999999,691.3832525905938
2024-10-30 00:30:00+00:00,BUY,2779.085,691.3832525905938,2024-10-30 07:17:00+00:00,sl,False,False,False,False,True,2781.755,2779.701,0.0,0.0,0.03,-20.38555778705484,0.0,0.32999999999999996,0.29999999999999993,0.6299999999999999,670.9976948035389
2024-10-31 00:30:00+00:00,BUY,2783.525,670.9976948035389,2024-10-31 03:36:00+00:00,sl,False,False,False,False,True,2784.125,2784.0860000000002,0.0,0.0,0.03,-21.382402974859705,0.0,0.32999999999999996,0.29999999999999993,0.6299999999999999,649.6152918286792
2024-11-01 00:30:00+00:00,SELL,2752.4765,649.6152918286792,2024-11-01 07:35:00+00:00,sl,False,False,False,False,True,2752.155,2752.250175,0.0,0.0,0.03,-19.006167786115274,0.0,0.32999999999999996,0.29999999999999993,0.6299999999999999,630.609124042564
2024-11-04 00:30:00+00:00,SELL,2741.29,630.609124042564,2024-11-05 08:49:00+00:00,sl,False,False,False,False,True,2740.475,2740.51725,0.0,0.0,0.02,-10.272412621562507,0.0,0.22,0.20000000000000004,0.42000000000000004,620.3367114210015
2024-11-05 00:30:00+00:00,SELL,2734.565,620.3367114210015,2024-11-05 03:54:00+00:00,sl,False,False,False,False,True,2734.345,2734.1635,0.0,0.0,0.03,-21.315888059323132,0.0,0.32999999999999996,0.29999999999999993,0.6299999999999999,599.0208233616784
2024-11-06 00:30:00+00:00,SELL,2741.438,599.0208233616784,2024-11-06 01:34:00+00:00,tp3,False,False,True,False,True,2738.145,2740.338,0.0,0.0,0.01,25.195512239931794,0.0,0.11,0.10000000000000002,0.21000000000000002,624.2163356016101
2024-11-07 00:30:00+00:00,SELL,2657.074,624.2163356016101,2024-11-07 02:25:00+00:00,sl,False,False,False,False,True,2655.175,2655.974,0.0,0.0,0.02,-21.466584534912656,0.0,0.22,0.20000000000000004,0.42000000000000004,602.7497510666975
2024-11-08 00:30:00+00:00,BUY,2694.5065,602.7497510666975,2024-11-08 01:29:00+00:00,sl,False,False,False,False,True,2695.755,2695.106825,0.0,0.0,0.02,-17.555725445258688,0.0,0.22,0.20000000000000004,0.42000000000000004,585.1940256214389
2024-11-11 00:30:00+00:00,SELL,2672.21,585.1940256214389,2024-11-11 08:31:00+00:00,tp3,False,False,True,False,True,2669.615,2671.16225,0.0,0.0,0.02,37.635906992884955,0.0,0.22,0.20000000000000004,0.42000000000000004,622.8299326143239
2024-11-12 00:30:00+00:00,SELL,2617.185,622.8299326143239,2024-11-12 04:09:00+00:00,tp3,False,False,True,False,True,2609.148,2616.7175,0.0,0.0,0.02,32.47474805505688,0.0,0.22,0.20000000000000004,0.42000000000000004,655.3046806693808
2024-11-13 00:30:00+00:00,SELL,2606.9315,655.3046806693808,2024-11-13 08:30:00+00:00,sl,False,False,False,False,True,2605.0,2606.493425,0.0,0.0,0.02,-18.19842953249092,0.0,0.22,0.20000000000000004,0.42000000000000004,637.1062511368899
2024-11-14 00:30:00+00:00,SELL,2563.405,637.1062511368899,2024-11-14 04:51:00+00:00,tp3,False,False,True,False,True,2558.995,2562.5085,0.0,0.0,0.02,38.48143138839812,0.0,0.22,0.20000000000000004,0.42000000000000004,675.5876825252881
2024-11-15 00:30:00+00:00,SELL,2566.29,675.5876825252881,2024-11-15 06:37:00+00:00,sl,False,False,False,False,True,2564.198,2565.83625,0.0,0.0,0.03,-21.8813587131034,0.0,0.32999999999999996,0.29999999999999993,0.6299999999999999,653.7063238121847
2024-11-18 00:30:00+00:00,BUY,2590.74,653.7063238121847,2024-11-18 20:05:00+00:00,tp3,False,False,True,False,True,2591.705,2591.54025,0.0,0.0,0.01,23.746394632863588,-0.051,0.11,0.10000000000000002,0.21000000000000002,677.4527184450483
2024-11-19 00:30:00+00:00,BUY,2621.7645,677.4527184450483,2024-11-19 07:30:00+00:00,tp3,False,False,True,False,True,2623.075,2622.341725,0.0,0.0,0.03,38.46008416221559,0.0,0.32999999999999996,0.29999999999999993,0.6299999999999999,715.9128026072639
2024-11-20 00:30:00+00:00,BUY,2635.6400000000003,715.9128026072639,2024-11-20 01:19:00+00:00,sl,False,False,False,False,True,2636.185,2636.1267500000004,0.0,0.0,0.03,-19.66572902063206,0.0,0.32999999999999996,0.29999999999999993,0.6299999999999999,696.2470735866318
2024-11-21 00:30:00+00:00,BUY,2656.41,696.2470735866318,2024-11-21 04:02:00+00:00,tp3,False,False,True,False,True,2657.235,2657.03975,0.0,0.0,0.03,38.354521424504235,0.0,0.32999999999999996,0.29999999999999993,0.6299999999999999,734.601595011136
2024-11-22 00:30:00+00:00,BUY,2687.63,734.601595011136,2024-11-22 04:41:00+00:00,tp3,False,False,True,False,True,2688.195,2688.37525,0.0,0.0,0.02,35.17758221157608,0.0,0.22,0.20000000000000004,0.42000000000000004,769.7791772227122
2024-11-25 00:30:00+00:00,SELL,2672.135,769.7791772227122,2024-11-25 06:41:00+00:00,sl,False,False,False,False,True,2668.018,2671.1945,0.0,0.0,0.01,-19.5146403573303,0.0,0.11,0.10000000000000002,0.21000000000000002,750.2645368653818
2024-11-26 00:30:00+00:00,SELL,2624.365,750.2645368653818,2024-11-26 07:16:00+00:00,sl,False,False,False,False,True,2620.825,2623.265,0.0,0.0,0.02,-25.016265084664994,0.0,0.22,0.20000000000000004,0.42000000000000004,725.2482717807169
2024-11-27 00:30:00+00:00,BUY,2639.05,725.2482717807169,2024-11-27 08:54:00+00:00,tp3,False,False,True,False,True,2642.075,2639.45975,0.0,0.0,0.03,44.761829937444524,0.0,0.32999999999999996,0.29999999999999993,0.6299999999999999,770.0101017181614
2024-11-28 00:30:00+00:00,SELL,2630.8365,770.0101017181614,,,,,,,False,,,0.0,0.0,0.0,0.0,0.0,0.0,0.0,0.0,770.0101017181614
2024-11-29 00:30:00+00:00,BUY,2660.295,770.0101017181614,2024-11-29 09:45:00+00:00,sl,False,False,False,False,True,2663.165,2660.8340000000003,0.0,0.0,0.02,-19.70567651992853,0.0,0.22,0.20000000000000004,0.42000000000000004,750.3044251982329
2024-12-02 00:30:00+00:00,SELL,2626.94,750.3044251982329,2024-12-02 06:12:00+00:00,sl,False,False,False,False,True,2624.225,2626.02975,0.0,0.0,0.02,-28.474043561952314,0.0,0.22,0.20000000000000004,0.42000000000000004,721.8303816362807
2024-12-03 00:30:00+00:00,SELL,2638.3595,721.8303816362807,,,,,,,False,,,0.0,0.0,0.0,0.0,0.0,0.0,0.0,0.0,721.8303816362807
2024-12-04 00:30:00+00:00,BUY,2648.59,721.8303816362807,2024-12-04 02:33:00+00:00,sl,False,False,False,False,True,2650.835,2648.97225,0.0,0.0,0.03,-21.968630497091343,0.0,0.32999999999999996,0.29999999999999993,0.6299999999999999,699.8617511391893
2024-12-05 00:30:00+00:00,BUY,2646.5445,699.8617511391893,2024-12-05 09:58:00+00:00,sl,False,False,False,False,True,2649.275,2647.187725,0.0,0.0,0.03,-23.06062131795932,0.0,0.32999999999999996,0.29999999999999993,0.6299999999999999,676.80112982123
2024-12-06 00:30:00+00:00,SELL,2641.77,676.80112982123,2024-12-09 02:27:00+00:00,sl,False,False,False,False,True,2641.364,2641.51975,0.0,0.0,0.02,-11.327245541418888,0.0,0.22,0.20000000000000004,0.42000000000000004,665.4738842798112
2024-12-09 00:30:00+00:00,SELL,2636.9515,665.4738842798112,2024-12-09 02:24:00+00:00,sl,False,False,False,False,True,2636.875,2636.2895750000002,0.0,0.0,0.02,-18.32627951604529,0.0,0.22,0.20000000000000004,0.42000000000000004,647.1476047637659
2024-12-10 00:30:00+00:00,BUY,2669.8450000000003,647.1476047637659,2024-12-10 03:23:00+00:00,sl,False,False,False,False,True,2669.785,2670.219,0.0,0.0,0.02,-17.363753003560234,0.0,0.22,0.20000000000000004,0.42000000000000004,629.7838517602057
2024-12-11 00:30:00+00:00,BUY,2676.548,629.7838517602057,2024-12-11 09:55:00+00:00,tp3,False,False,True,False,True,2678.848,2677.6479999999997,0.0,0.0,0.01,25.95518813224502,0.0,0.11,0.10000000000000002,0.21000000000000002,655.7390398924507
2024-12-12 00:30:00+00:00,BUY,2712.375,655.7390398924507,2024-12-12 08:14:00+00:00,sl,False,False,False,False,True,2713.915,2712.9635000000003,0.0,0.0,0.02,-19.07075769012765,0.0,0.22,0.20000000000000004,0.42000000000000004,636.6682822023231
2024-12-13 00:30:00+00:00,SELL,2686.465,636.6682822023231,2024-12-13 04:20:00+00:00,tp3,False,False,True,False,True,2686.115,2685.849,0.0,0.0,0.02,29.11204855408603,0.0,0.22,0.20000000000000004,0.42000000000000004,665.7803307564092
2024-12-16 00:30:00+00:00,SELL,2651.559,665.7803307564092,2024-12-16 03:32:00+00:00,sl,False,False,False,False,True,2650.455,2650.57725,0.0,0.0,0.02,-18.69141508128625,0.0,0.22,0.20000000000000004,0.42000000000000004,647.088915675123
2024-12-17 00:30:00+00:00,SELL,2650.3450000000003,647.088915675123,2024-12-17 02:39:00+00:00,sl,False,False,False,False,True,2649.694,2649.6245,0.0,0.0,0.03,-20.390109451765856,0.0,0.32999999999999996,0.29999999999999993,0.6299999999999999,626.6988062233571
2024-12-18 00:30:00+00:00,SELL,2644.8845,626.6988062233571,2024-12-18 14:00:00+00:00,tp3,False,False,True,False,True,2644.255,2644.2522750000003,0.0,0.0,0.03,33.49945728319755,0.0,0.32999999999999996,0.29999999999999993,0.6299999999999999,660.1982635065547
2024-12-19 00:30:00+00:00,SELL,2608.795,660.1982635065547,2024-12-19 02:26:00+00:00,sl,False,False,False,False,True,2608.735,2608.3605000000002,0.0,0.0,0.02,-24.220171678934022,0.0,0.22,0.20000000000000004,0.42000000000000004,635.9780918276207
2024-12-20 00:30:00+00:00,SELL,2597.45,635.9780918276207,,,,,,,False,,,0.0,0.0,0.0,0.0,0.0,0.0,0.0,0.0,635.9780918276207
2024-12-23 00:30:00+00:00,BUY,2625.7565,635.9780918276207,2024-12-23 06:00:00+00:00,sl,False,False,False,False,True,2627.575,2626.283675,0.0,0.0,0.02,-17.577005403943005,0.0,0.22,0.20000000000000004,0.42000000000000004,618.4010864236777
2024-12-24 00:30:00+00:00,BUY,2620.5715,618.4010864236777,2024-12-24 04:16:00+00:00,sl,False,False,False,False,True,2620.698,2620.914425,0.0,0.0,0.03,-17.235701421943194,0.0,0.32999999999999996,0.29999999999999993,0.6299999999999999,601.1653850017345
2024-12-25 18:30:00+00:00,BUY,2616.248,601.1653850017345,2024-12-26 10:31:00+00:00,tp3,False,False,True,False,True,2619.505,2617.348,0.0,0.0,0.02,33.00599999999989,-0.306,0.22,0.20000000000000004,0.42000000000000004,634.1713850017344
2024-12-26 00:30:00+00:00,BUY,2626.583,634.1713850017344,2024-12-26 10:48:00+00:00,tp3,False,False,True,False,True,2626.695,2626.92125,0.0,0.0,0.03,30.46732659266183,0.0,0.32999999999999996,0.29999999999999993,0.6299999999999999,664.6387115943962
2024-12-27 00:30:00+00:00,BUY,2633.4700000000003,664.6387115943962,2024-12-27 03:17:00+00:00,sl,False,False,False,False,True,2633.448,2633.81925,0.0,0.0,0.04,-22.413447833347018,0.0,0.44,0.4000000000000001,0.8400000000000001,642.2252637610492
2024-12-30 00:30:00+00:00,SELL,2622.4515,642.2252637610492,2024-12-30 08:59:00+00:00,tp3,False,False,True,False,True,2620.955,2621.899575,0.0,0.0,0.03,40.14659164340912,0.0,0.32999999999999996,0.29999999999999993,0.6299999999999999,682.3718554044583
2024-12-31 00:30:00+00:00,SELL,2606.763,682.3718554044583,2024-12-31 02:46:00+00:00,sl,False,False,False,False,True,2606.635,2606.39725,0.0,0.0,0.04,-21.01766966191448,0.0,0.44,0.4000000000000001,0.8400000000000001,661.3541857425438
2025-01-01 18:30:00+00:00,BUY,2624.855,661.3541857425438,2025-01-02 03:07:00+00:00,tp3,False,False,True,False,True,2625.265,2625.4875,0.0,0.0,0.03,32.58702528187916,0.0,0.32999999999999996,0.29999999999999993,0.6299999999999999,693.941211024423
2025-01-02 00:30:00+00:00,BUY,2633.509,693.941211024423,2025-01-02 08:55:00+00:00,tp3,False,False,True,False,True,2635.174,2633.86375,0.0,0.0,0.03,33.71328782999091,0.0,0.32999999999999996,0.29999999999999993,0.6299999999999999,727.6544988544139
2025-01-03 00:30:00+00:00,BUY,2661.86,727.6544988544139,,,,,,,False,,,0.0,0.0,0.0,0.0,0.0,0.0,0.0,0.0,727.6544988544139
2025-01-06 00:30:00+00:00,SELL,2635.1800000000003,727.6544988544139,2025-01-06 06:24:00+00:00,sl,False,False,False,False,True,2634.498,2634.6932500000003,0.0,0.0,0.03,-22.40727899173851,0.0,0.32999999999999996,0.29999999999999993,0.6299999999999999,705.2472198626754
2025-01-07 00:30:00+00:00,BUY,2638.105,705.2472198626754,2025-01-07 08:19:00+00:00,tp3,False,False,True,False,True,2644.114,2638.7925,0.0,0.0,0.03,35.39046968086779,0.0,0.32999999999999996,0.29999999999999993,0.6299999999999999,740.6376895435432
2025-01-08 00:30:00+00:00,BUY,2646.89,740.6376895435432,2025-01-08 08:58:00+00:00,tp3,False,False,True,False,True,2649.908,2647.09625,0.0,0.0,0.04,39.26715891829568,0.0,0.44,0.4000000000000001,0.8400000000000001,779.9048484618388
2025-01-09 00:30:00+00:00,BUY,2659.77,779.9048484618388,2025-01-09 06:48:00+00:00,tp3,False,False,True,False,True,2660.295,2660.36125,0.0,0.0,0.04,47.19131474402471,0.0,0.44,0.4000000000000001,0.8400000000000001,827.0961632058635
2025-01-10 01:00:00+00:00,BUY,2674.2845,827.0961632058635,2025-01-10 08:32:00+00:00,sl,False,False,False,False,True,2675.165,2675.109775,0.0,0.0,0.04,-28.449199999997145,0.0,0.44,0.4000000000000001,0.8400000000000001,798.6469632058663
2025-01-13 00:30:00+00:00,BUY,2685.715,798.6469632058663,2025-01-13 06:59:00+00:00,sl,False,False,False,False,True,2686.315,2686.3255,0.0,0.0,0.02,-21.647472639506233,0.0,0.22,0.20000000000000004,0.42000000000000004,776.9994905663601
2025-01-14 00:30:00+00:00,SELL,2673.337,776.9994905663601,2025-01-14 16:22:00+00:00,sl,False,False,False,False,True,2669.105,2672.3370999999997,0.0,0.0,0.03,-25.718400000002365,0.0,0.32999999999999996,0.29999999999999993,0.6299999999999999,751.2810905663578
2025-01-15 00:30:00+00:00,BUY,2675.325,751.2810905663578,2025-01-15 04:21:00+00:00,tp3,False,False,True,False,True,2675.675,2675.688,0.0,0.0,0.04,39.86901688919366,0.0,0.44,0.4000000000000001,0.8400000000000001,791.1501074555514
2025-01-16 00:30:00+00:00,BUY,2696.175,791.1501074555514,2025-01-16 05:07:00+00:00,tp3,False,False,True,False,True,2696.995,2696.7580000000003,0.0,0.0,0.04,43.171555585830134,0.0,0.44,0.4000000000000001,0.8400000000000001,834.3216630413815
2025-01-17 00:30:00+00:00,BUY,2714.437,834.3216630413815,,,,,,,False,,,0.0,0.0,0.0,0.0,0.0,0.0,0.0,0.0,834.3216630413815
2025-01-20 00:30:00+00:00,BUY,2705.3100000000004,834.3216630413815,2025-01-20 21:03:00+00:00,tp3,False,False,True,False,True,2705.965,2705.6262500000003,0.0,0.0,0.03,38.88174092404083,-0.153,0.32999999999999996,0.29999999999999993,0.6299999999999999,873.2034039654224
2025-01-21 00:30:00+00:00,BUY,2728.135,873.2034039654224,2025-01-21 04:13:00+00:00,sl,False,False,False,False,True,2728.555,2728.6025,0.0,0.0,0.03,-30.27644189925866,0.0,0.32999999999999996,0.29999999999999993,0.6299999999999999,842.9269620661637
2025-01-22 00:45:00+00:00,BUY,2751.1465,842.9269620661637,2025-01-22 01:20:00+00:00,sl,False,False,False,False,True,2755.475,2751.669825,0.0,0.0,0.04,-28.345724895583626,0.0,0.44,0.4000000000000001,0.8400000000000001,814.58123717058
2025-01-23 00:30:00+00:00,BUY,2752.105,814.58123717058,2025-01-23 04:21:00+00:00,sl,False,False,False,False,True,2752.395,2752.611,0.0,0.0,0.05,-27.640049091512356,0.0,0.55,0.5,1.05,786.9411880790677
2025-01-24 01:15:00+00:00,BUY,2774.61,786.9411880790677,2025-01-27 00:00:00+00:00,sl,False,False,False,False,True,2777.435,2775.42675,0.0,0.0,0.03,-12.970504268870805,-0.45899999999999996,0.32999999999999996,0.29999999999999993,0.6299999999999999,773.9706838101969
2025-01-27 00:30:00+00:00,SELL,2756.515,773.9706838101969,2025-01-27 04:13:00+00:00,sl,False,False,False,False,True,2755.315,2755.7835,0.0,0.0,0.03,-28.31784858486424,0.0,0.32999999999999996,0.29999999999999993,0.6299999999999999,745.6528352253326
2025-01-28 00:30:00+00:00,SELL,2743.45,745.6528352253326,2025-01-28 09:03:00+00:00,sl,False,False,False,False,True,2742.735,2742.73225,0.0,0.0,0.03,-22.464848979363413,0.0,0.32999999999999996,0.29999999999999993,0.6299999999999999,723.1879862459692
2025-01-29 00:30:00+00:00,BUY,2762.035,723.1879862459692,2025-01-29 05:41:00+00:00,sl,False,False,False,False,True,2762.345,2762.4255,0.0,0.0,0.05,-23.357114225313854,0.0,0.55,0.5,1.05,699.8308720206554
2025-01-30 00:30:00+00:00,BUY,2760.36,699.8308720206554,2025-01-30 03:05:00+00:00,tp3,False,False,True,False,True,2760.935,2760.66525,0.0,0.0,0.04,37.32562693303058,0.0,0.44,0.4000000000000001,0.8400000000000001,737.156498953686
2025-01-31 00:30:00+00:00,BUY,2795.66,737.156498953686,2025-01-31 07:41:00+00:00,tp3,False,False,True,False,True,2795.558,2796.00925,0.0,0.0,0.04,42.42713708047282,0.0,0.44,0.4000000000000001,0.8400000000000001,779.5836360341588
2025-02-03 00:30:00+00:00,SELL,2780.9465,779.5836360341588,,,,,,,False,,,0.0,0.0,0.0,0.0,0.0,0.0,0.0,0.0,779.5836360341588
2025-02-04 00:30:00+00:00,BUY,2815.125,779.5836360341588,2025-02-04 02:29:00+00:00,sl,False,False,False,False,True,2817.035,2816.225,0.0,0.0,0.02,-19.648944659377705,0.0,0.22,0.20000000000000004,0.42000000000000004,759.9346913747811
2025-02-05 00:30:00+00:00,BUY,2854.615,759.9346913747811,2025-02-05 05:31:00+00:00,tp3,False,False,True,False,True,2855.665,2855.1155,0.0,0.0,0.02,34.20197363271207,0.0,0.22,0.20000000000000004,0.42000000000000004,794.1366650074932
2025-02-06 00:30:00+00:00,BUY,2867.788,794.1366650074932,2025-02-06 01:50:00+00:00,sl,False,False,False,False,True,2868.895,2868.4809999999998,0.0,0.0,0.03,-25.475730719571292,0.0,0.32999999999999996,0.29999999999999993,0.6299999999999999,768.6609342879219
2025-02-07 00:30:00+00:00,BUY,2865.843,768.6609342879219,2025-02-07 08:32:00+00:00,sl,False,False,False,False,True,2865.445,2866.28575,0.0,0.0,0.03,-21.25757768211486,0.0,0.32999999999999996,0.29999999999999993,0.6299999999999999,747.4033566058071
2025-02-10 00:30:00+00:00,BUY,2879.1400000000003,747.4033566058071,2025-02-10 04:37:00+00:00,tp3,False,False,True,False,True,2879.085,2879.50025,0.0,0.0,0.02,45.42453505145666,0.0,0.22,0.20000000000000004,0.42000000000000004,792.8278916572638
2025-02-11 00:30:00+00:00,BUY,2916.78,792.8278916572638,2025-02-11 05:56:00+00:00,sl,False,False,False,False,True,2919.535,2917.69025,0.0,0.0,0.01,-17.209163138499626,0.0,0.11,0.10000000000000002,0.21000000000000002,775.6187285187641
2025-02-12 00:30:00+00:00,SELL,2884.98,775.6187285187641,,,,,,,False,,,0.0,0.0,0.0,0.0,0.0,0.0,0.0,0.0,775.6187285187641
2025-02-13 00:30:00+00:00,BUY,2918.9965,775.6187285187641,2025-02-13 03:14:00+00:00,sl,False,False,False,False,True,2920.615,2919.6776750000004,0.0,0.0,0.03,-26.983061216269906,0.0,0.32999999999999996,0.29999999999999993,0.6299999999999999,748.6356673024942
2025-02-14 00:30:00+00:00,BUY,2928.3615,748.6356673024942,2025-02-14 08:44:00+00:00,sl,False,False,False,False,True,2929.045,2928.781425,0.0,0.0,0.03,-23.92026804034811,0.0,0.32999999999999996,0.29999999999999993,0.6299999999999999,724.7153992621461
2025-02-17 00:30:00+00:00,SELL,2899.705,724.7153992621461,2025-02-18 00:30:00+00:00,sl,False,False,False,False,True,2898.828,2899.1385,0.0,0.0,0.01,-15.294377654990932,0.0,0.11,0.10000000000000002,0.21000000000000002,709.4210216071551
2025-02-18 00:30:00+00:00,BUY,2911.625,709.4210216071551,2025-02-18 11:41:00+00:00,tp3,False,False,True,False,True,2914.655,2912.725,0.0,0.0,0.02,32.69999999999989,0.0,0.22,0.20000000000000004,0.42000000000000004,742.1210216071551
2025-02-19 00:30:00+00:00,BUY,2929.07,742.1210216071551,2025-02-19 04:19:00+00:00,tp3,False,False,True,False,True,2930.265,2929.67225,0.0,0.0,0.03,44.10203569874795,0.0,0.32999999999999996,0.29999999999999993,0.6299999999999999,786.223057305903
2025-02-20 00:30:00+00:00,BUY,2941.125,786.223057305903,2025-02-20 08:47:00+00:00,sl,False,False,False,False,True,2944.655,2942.225,0.0,0.0,0.03,-28.229999999999453,0.0,0.32999999999999996,0.29999999999999993,0.6299999999999999,757.9930573059036
2025-02-21 00:30:00+00:00,SELL,2926.7465,757.9930573059036,2025-02-21 09:48:00+00:00,sl,False,False,False,False,True,2925.585,2925.790325,0.0,0.0,0.02,-25.527073778433007,0.0,0.22,0.20000000000000004,0.42000000000000004,732.4659835274706
2025-02-24 00:30:00+00:00,BUY,2940.41,732.4659835274706,2025-02-25 03:00:00+00:00,sl,False,False,False,False,True,2940.278,2940.96825,0.0,0.0,0.02,-20.847241016956804,-0.102,0.22,0.20000000000000004,0.42000000000000004,711.6187425105138
2025-02-25 00:30:00+00:00,SELL,2937.925,711.6187425105138,2025-02-25 10:17:00+00:00,tp3,False,False,True,False,True,2937.525,2937.1220000000003,0.0,0.0,0.02,30.770443115820925,0.0,0.22,0.20000000000000004,0.42000000000000004,742.3891856263348
2025-02-26 00:30:00+00:00,SELL,2916.2,742.3891856263348,2025-02-26 09:11:00+00:00,tp3,False,False,True,False,True,2915.755,2915.42175,0.0,0.0,0.02,41.205677831127176,0.0,0.22,0.20000000000000004,0.42000000000000004,783.594863457462
2025-02-27 00:30:00+00:00,SELL,2896.335,783.594863457462,2025-02-27 09:47:00+00:00,tp3,False,False,True,False,True,2892.225,2895.235,0.0,0.0,0.02,39.203354168587865,0.0,0.22,0.20000000000000004,0.42000000000000004,822.7982176260499
2025-02-28 00:30:00+00:00,SELL,2863.48,822.7982176260499,2025-02-28 09:41:00+00:00,tp3,False,False,True,False,True,2863.225,2862.77325,0.0,0.0,0.02,42.8191741375759,0.0,0.22,0.20000000000000004,0.42000000000000004,865.6173917636258
2025-03-03 00:30:00+00:00,SELL,2866.4165000000003,865.6173917636258,2025-03-03 09:32:00+00:00,sl,False,False,False,False,True,2864.425,2865.959175,0.0,0.0,0.02,-26.140446655492198,0.0,0.22,0.20000000000000004,0.42000000000000004,839.4769451081337
2025-03-04 00:30:00+00:00,BUY,2891.565,839.4769451081337,2025-03-04 03:19:00+00:00,tp3,False,False,True,False,True,2892.108,2892.247,0.0,0.0,0.03,50.04118199014203,0.0,0.32999999999999996,0.29999999999999993,0.6299999999999999,889.5181270982757
2025-03-05 00:30:00+00:00,BUY,2910.635,889.5181270982757,2025-03-05 08:44:00+00:00,sl,False,False,False,False,True,2912.455,2911.141,0.0,0.0,0.02,-21.95025514444835,0.0,0.22,0.20000000000000004,0.42000000000000004,867.5678719538274
2025-03-06 00:30:00+00:00,BUY,2916.25,867.5678719538274,2025-03-06 02:59:00+00:00,sl,False,False,False,False,True,2918.055,2916.8137500000003,0.0,0.0,0.03,-23.282327766275447,0.0,0.32999999999999996,0.29999999999999993,0.6299999999999999,844.285544187552
2025-03-07 00:30:00+00:00,SELL,2907.91,844.285544187552,,,,,,,False,,,0.0,0.0,0.0,0.0,0.0,0.0,0.0,0.0,844.285544187552
2025-03-10 00:45:00+00:00,SELL,2910.2115,844.285544187552,2025-03-10 12:38:00+00:00,tp3,False,False,True,False,True,2909.275,2909.461575,0.0,0.0,0.02,38.82573774374676,0.0,0.22,0.20000000000000004,0.42000000000000004,883.1112819312988
2025-03-11 00:30:00+00:00,SELL,2897.71,883.1112819312988,2025-03-11 03:16:00+00:00,sl,False,False,False,False,True,2896.455,2897.17375,0.0,0.0,0.03,-25.977368423169427,0.0,0.32999999999999996,0.29999999999999993,0.6299999999999999,857.1339135081294
2025-03-12 00:30:00+00:00,BUY,2913.9965,857.1339135081294,2025-03-12 08:26:00+00:00,sl,False,False,False,False,True,2914.725,2914.578675,0.0,0.0,0.04,-29.41291393710875,0.0,0.44,0.4000000000000001,0.8400000000000001,827.7209995710206
2025-03-13 00:30:00+00:00,BUY,2944.0865000000003,827.7209995710206,2025-03-13 09:40:00+00:00,tp3,False,False,True,False,True,2944.595,2944.5476750000003,0.0,0.0,0.03,39.7458279912754,0.0,0.32999999999999996,0.29999999999999993,0.6299999999999999,867.466827562296
2025-03-14 00:30:00+00:00,BUY,2984.9465,867.466827562296,2025-03-14 05:16:00+00:00,tp3,False,False,True,False,True,2985.425,2985.3801750000002,0.0,0.0,0.03,51.93840121804771,0.0,0.32999999999999996,0.29999999999999993,0.6299999999999999,919.4052287803437
2025-03-17 00:30:00+00:00,BUY,2982.785,919.4052287803437,2025-03-17 15:17:00+00:00,tp3,False,False,True,False,True,2983.688,2983.2304999999997,0.0,0.0,0.03,52.10843411484904,0.0,0.32999999999999996,0.29999999999999993,0.6299999999999999,971.5136628951927
2025-03-18 00:30:00+00:00,BUY,3012.8915,971.5136628951927,2025-03-18 07:39:00+00:00,tp3,False,False,True,False,True,3013.635,3013.786075,0.0,0.0,0.03,52.207055286317534,0.0,0.32999999999999996,0.29999999999999993,0.6299999999999999,1023.7207181815103
2025-03-19 00:30:00+00:00,BUY,3037.49,1023.7207181815103,2025-03-19 03:38:00+00:00,sl,False,False,False,False,True,3038.078,3038.14725,0.0,0.0,0.04,-31.82470948227623,0.0,0.44,0.4000000000000001,0.8400000000000001,991.896008699234
2025-03-20 00:30:00+00:00,BUY,3051.888,991.896008699234,,,,,,,False,,,0.0,0.0,0.0,0.0,0.0,0.0,0.0,0.0,991.896008699234
2025-03-21 00:30:00+00:00,SELL,3028.525,991.896008699234,2025-03-21 06:44:00+00:00,sl,False,False,False,False,True,3026.585,3027.612,0.0,0.0,0.04,-32.74329201736677,0.0,0.44,0.4000000000000001,0.8400000000000001,959.1527166818672
2025-03-24 00:30:00+00:00,SELL,3020.855,959.1527166818672,2025-03-24 03:54:00+00:00,sl,False,False,False,False,True,3019.028,3019.755,0.0,0.0,0.03,-28.229999999999453,0.0,0.32999999999999996,0.29999999999999993,0.6299999999999999,930.9227166818678
2025-03-25 00:30:00+00:00,SELL,3016.845,930.9227166818678,2025-03-25 06:30:00+00:00,sl,False,False,False,False,True,3015.955,3015.745,0.0,0.0,0.03,-28.229999999999453,0.0,0.32999999999999996,0.29999999999999993,0.6299999999999999,902.6927166818683
2025-03-26 00:30:00+00:00,BUY,3014.658,902.6927166818683,2025-03-26 02:51:00+00:00,tp3,False,False,True,False,True,3016.648,3015.5434999999998,0.0,0.0,0.04,52.48320000000436,0.0,0.44,0.4000000000000001,0.8400000000000001,955.1759166818726
2025-03-27 00:30:00+00:00,BUY,3033.013,955.1759166818726,2025-03-27 05:24:00+00:00,tp3,False,False,True,False,True,3034.698,3033.88475,0.0,0.0,0.03,47.0886731005936,0.0,0.32999999999999996,0.29999999999999993,0.6299999999999999,1002.2645897824663
2025-03-28 00:30:00+00:00,BUY,3073.33,1002.2645897824663,2025-03-28 03:28:00+00:00,sl,False,False,False,False,True,3076.465,3073.89375,0.0,0.0,0.03,-27.943948179804355,0.0,0.32999999999999996,0.29999999999999993,0.6299999999999999,974.3206416026619
2025-03-31 00:30:00+00:00,BUY,3107.455,974.3206416026619,2025-03-31 21:47:00+00:00,tp3,False,False,True,False,True,3111.535,3108.4120000000003,0.0,0.0,0.02,50.83540521106827,-0.102,0.22,0.20000000000000004,0.42000000000000004,1025.1560468137302
2025-04-01 00:30:00+00:00,BUY,3146.005,1025.1560468137302,2025-04-01 01:53:00+00:00,sl,False,False,False,False,True,3146.825,3146.951,0.0,0.0,0.03,-32.35689182319573,0.0,0.32999999999999996,0.29999999999999993,0.6299999999999999,992.7991549905345
2025-04-02 00:30:00+00:00,BUY,3125.5315,992.7991549905345,2025-04-02 06:46:00+00:00,sl,False,False,False,False,True,3127.085,3126.068575,0.0,0.0,0.03,-35.74557058501467,0.0,0.32999999999999996,0.29999999999999993,0.6299999999999999,957.0535844055198
2025-04-03 00:30:00+00:00,BUY,3148.13,957.0535844055198,,,,,,,False,,,0.0,0.0,0.0,0.0,0.0,0.0,0.0,0.0,957.0535844055198
2025-04-04 00:30:00+00:00,SELL,3098.148,957.0535844055198,2025-04-04 06:33:00+00:00,sl,False,False,False,False,True,3095.428,3097.0480000000002,0.0,0.0,0.02,-35.211360596373126,0.0,0.22,0.20000000000000004,0.42000000000000004,921.8422238091467
2025-04-07 00:30:00+00:00,SELL,3029.598,921.8422238091467,2025-04-07 12:21:00+00:00,tp3,False,False,True,False,True,3026.698,3028.498,0.0,0.0,0.01,48.53352921472064,0.0,0.11,0.10000000000000002,0.21000000000000002,970.3757530238673
2025-04-08 00:30:00+00:00,SELL,2997.575,970.3757530238673,2025-04-08 02:37:00+00:00,sl,False,False,False,False,True,2994.395,2996.475,0.0,0.0,0.02,-38.735415500391284,0.0,0.22,0.20000000000000004,0.42000000000000004,931.6403375234761
2025-04-09 00:30:00+00:00,BUY,3000.695,931.6403375234761,2025-04-09 03:11:00+00:00,tp3,False,False,True,False,True,3009.295,3001.795,0.0,0.0,0.01,40.32267242802576,0.0,0.11,0.10000000000000002,0.21000000000000002,971.9630099515018
2025-04-10 00:30:00+00:00,BUY,3126.31,971.9630099515018,2025-04-10 15:04:00+00:00,tp3,False,False,True,False,True,3126.875,3127.22575,0.0,0.0,0.01,48.27930425080107,0.0,0.11,0.10000000000000002,0.21000000000000002,1020.2423142023029
2025-04-11 00:45:00+00:00,BUY,3212.355,1020.2423142023029,2025-04-11 01:44:00+00:00,sl,False,False,False,False,True,3215.355,3213.455,0.0,0.0,0.01,-21.158107811452247,0.0,0.11,0.10000000000000002,0.21000000000000002,999.0842063908506
2025-04-14 00:30:00+00:00,BUY,3233.7,999.0842063908506,2025-04-14 06:20:00+00:00,sl,False,False,False,False,True,3233.995,3234.72575,0.0,0.0,0.02,-35.27134475486848,0.0,0.22,0.20000000000000004,0.42000000000000004,963.8128616359821
2025-04-15 00:30:00+00:00,BUY,3228.525,963.8128616359821,2025-04-15 03:36:00+00:00,sl,False,False,False,False,True,3229.925,3229.306,0.0,0.0,0.02,-23.831452687963903,0.0,0.22,0.20000000000000004,0.42000000000000004,939.9814089480183
2025-04-16 00:30:00+00:00,BUY,3281.155,939.9814089480183,2025-04-16 10:00:00+00:00,tp3,False,False,True,False,True,3282.305,3282.255,0.0,0.0,0.01,34.64430767847356,0.0,0.11,0.10000000000000002,0.21000000000000002,974.6257166264918
2025-04-17 00:30:00+00:00,BUY,3340.515,974.6257166264918,2025-04-17 03:13:00+00:00,sl,False,False,False,False,True,3342.225,3341.615,0.0,0.0,0.01,-20.9891162326821,0.0,0.11,0.10000000000000002,0.21000000000000002,953.6366003938097
2025-04-21 00:30:00+00:00,BUY,3375.275,953.6366003938097,2025-04-21 09:08:00+00:00,tp3,False,False,True,False,True,3376.535,3376.375,0.0,0.0,0.01,46.27063221697339,0.0,0.11,0.10000000000000002,0.21000000000000002,999.907232610783
2025-04-22 00:30:00+00:00,BUY,3481.015,999.907232610783,2025-04-22 04:37:00+00:00,sl,False,False,False,False,True,3481.445,3482.115,0.0,0.0,0.01,-26.50849912940472,0.0,0.11,0.10000000000000002,0.21000000000000002,973.3987334813783
2025-04-23 00:30:00+00:00,SELL,3341.035,973.3987334813783,2025-04-23 09:50:00+00:00,tp3,False,False,True,False,True,3340.085,3339.935,0.0,0.0,0.01,66.54385491726093,0.0,0.11,0.10000000000000002,0.21000000000000002,1039.9425883986391
2025-04-24 00:30:00+00:00,SELL,3329.595,1039.9425883986391,2025-04-24 18:22:00+00:00,sl,False,False,False,False,True,3327.765,3328.495,0.0,0.0,0.01,-27.312835798900288,0.0,0.11,0.10000000000000002,0.21000000000000002,1012.6297525997388
2025-04-25 00:30:00+00:00,SELL,3325.545,1012.6297525997388,2025-04-25 09:16:00+00:00,tp3,False,False,True,False,True,3320.685,3324.445,0.0,0.0,0.01,43.60344318911624,0.0,0.11,0.10000000000000002,0.21000000000000002,1056.233195788855
2025-04-28 00:30:00+00:00,SELL,3291.195,1056.233195788855,2025-04-28 10:24:00+00:00,sl,False,False,False,False,True,3289.945,3290.0950000000003,0.0,0.0,0.01,-23.177839765705777,0.0,0.11,0.10000000000000002,0.21000000000000002,1033.0553560231492
2025-04-29 00:30:00+00:00,SELL,3315.695,1033.0553560231492,2025-04-30 05:18:00+00:00,tp3,False,False,True,False,True,3314.605,3314.7545,0.0,0.0,0.02,69.1639640083077,0.0,0.22,0.20000000000000004,0.42000000000000004,1102.2193200314568
2025-04-30 00:30:00+00:00,SELL,3304.11,1102.2193200314568,2025-04-30 06:03:00+00:00,tp3,False,False,True,False,True,3302.375,3303.08425,0.0,0.0,0.02,58.73736738628311,0.0,0.22,0.20000000000000004,0.42000000000000004,1160.9566874177399
2025-05-01 00:30:00+00:00,SELL,3229.065,1160.9566874177399,2025-05-01 23:07:00+00:00,sl,False,False,False,False,True,3224.525,3227.965,0.0,0.0,0.01,-25.30762624424593,0.0,0.11,0.10000000000000002,0.21000000000000002,1135.649061173494
2025-05-02 00:30:00+00:00,SELL,3254.65,1135.649061173494,2025-05-02 07:48:00+00:00,sl,False,False,False,False,True,3253.045,3253.67375,0.0,0.0,0.02,-30.6913925000362,0.0,0.22,0.20000000000000004,0.42000000000000004,1104.9576686734576
2025-05-05 00:30:00+00:00,BUY,3255.505,1104.9576686734576,2025-05-05 05:16:00+00:00,tp3,False,False,True,False,True,3256.415,3256.605,0.0,0.0,0.02,71.08200853598471,0.0,0.22,0.20000000000000004,0.42000000000000004,1176.0396772094423
2025-05-06 00:30:00+00:00,BUY,3358.495,1176.0396772094423,2025-05-06 12:37:00+00:00,tp3,False,False,True,False,True,3358.275,3359.595,0.0,0.0,0.01,47.47881408319157,0.0,0.11,0.10000000000000002,0.21000000000000002,1223.5184912926338
2025-05-07 00:30:00+00:00,BUY,3376.455,1223.5184912926338,2025-05-08 02:13:00+00:00,sl,False,False,False,False,True,3384.055,3377.555,0.0,0.0,0.01,-30.647841249903408,-0.153,0.11,0.10000000000000002,0.21000000000000002,1192.8706500427304
2025-05-08 00:30:00+00:00,BUY,3390.435,1192.8706500427304,2025-05-08 01:49:00+00:00,sl,False,False,False,False,True,3392.035,3391.535,0.0,0.0,0.02,-44.95563030903115,0.0,0.22,0.20000000000000004,0.42000000000000004,1147.9150197336992
2025-05-09 00:30:00+00:00,SELL,3312.835,1147.9150197336992,,,,,,,False,,,0.0,0.0,0.0,0.0,0.0,0.0,0.0,0.0,1147.9150197336992
2025-05-12 00:30:00+00:00,SELL,3281.485,1147.9150197336992,2025-05-12 03:23:00+00:00,tp3,False,False,True,False,True,3277.495,3280.4675,0.0,0.0,0.02,76.13590306177873,0.0,0.22,0.20000000000000004,0.42000000000000004,1224.0509227954778
2025-05-13 00:30:00+00:00,SELL,3236.165,1224.0509227954778,,,,,,,False,,,0.0,0.0,0.0,0.0,0.0,0.0,0.0,0.0,1224.0509227954778
2025-05-14 00:30:00+00:00,SELL,3227.645,1224.0509227954778,2025-05-14 08:45:00+00:00,tp3,False,False,True,False,True,3227.755,3226.545,0.0,0.0,0.02,58.84043898885109,0.0,0.22,0.20000000000000004,0.42000000000000004,1282.8913617843289
2025-05-15 00:30:00+00:00,SELL,3150.235,1282.8913617843289,2025-05-15 05:10:00+00:00,sl,False,False,False,False,True,3146.085,3149.135,0.0,0.0,0.02,-37.625222991613484,0.0,0.22,0.20000000000000004,0.42000000000000004,1245.2661387927153
2025-05-16 00:30:00+00:00,BUY,3213.13,1245.2661387927153,2025-05-16 04:16:00+00:00,sl,False,False,False,False,True,3215.565,3214.06225,0.0,0.0,0.02,-39.573200616144206,0.0,0.22,0.20000000000000004,0.42000000000000004,1205.692938176571
2025-05-19 00:30:00+00:00,BUY,3208.305,1205.692938176571,2025-05-20 06:49:00+00:00,force_tp2,False,False,False,False,True,3216.905,3209.4049999999997,0.0,0.0,0.02,41.369672372061565,-0.102,0.22,0.20000000000000004,0.42000000000000004,1247.0626105486326
2025-05-20 00:30:00+00:00,BUY,3212.52,1247.0626105486326,2025-05-20 07:18:00+00:00,tp3,False,False,True,False,True,3212.705,3213.30925,0.0,0.0,0.03,79.52046278313321,0.0,0.32999999999999996,0.29999999999999993,0.6299999999999999,1326.5830733317657
2025-05-21 00:30:00+00:00,BUY,3306.155,1326.5830733317657,2025-05-21 21:41:00+00:00,tp3,False,False,True,False,True,3308.485,3307.255,0.0,0.0,0.02,64.10025366604671,-0.306,0.22,0.20000000000000004,0.42000000000000004,1390.6833269978124
2025-05-22 00:30:00+00:00,BUY,3334.368,1390.6833269978124,2025-05-22 04:17:00+00:00,sl,False,False,False,False,True,3336.748,3335.4294999999997,0.0,0.0,0.03,-44.786961851323106,0.0,0.32999999999999996,0.29999999999999993,0.6299999999999999,1345.8963651464892
2025-05-23 00:45:00+00:00,BUY,3307.745,1345.8963651464892,2025-05-23 07:49:00+00:00,tp3,False,False,True,False,True,3314.448,3308.845,0.0,0.0,0.03,85.44094178054786,0.0,0.32999999999999996,0.29999999999999993,0.6299999999999999,1431.337306927037
2025-05-26 00:30:00+00:00,BUY,3348.8515,1431.337306927037,2025-05-26 03:01:00+00:00,sl,False,False,False,False,True,3349.085,3349.938575,0.0,0.0,0.03,-43.71300426724509,0.0,0.32999999999999996,0.29999999999999993,0.6299999999999999,1387.6243026597917
2025-05-27 00:30:00+00:00,SELL,3340.073,1387.6243026597917,2025-05-27 01:46:00+00:00,tp3,False,False,True,False,True,3338.848,3339.45425,0.0,0.0,0.04,78.25433513236945,0.0,0.44,0.4000000000000001,0.8400000000000001,1465.8786377921613
2025-05-28 00:30:00+00:00,SELL,3297.2015,1465.8786377921613,2025-05-28 03:07:00+00:00,sl,False,False,False,False,True,3295.198,3296.334425,0.0,0.0,0.03,-45.850146585056685,0.0,0.32999999999999996,0.29999999999999993,0.6299999999999999,1420.0284912071045
2025-05-29 00:30:00+00:00,SELL,3273.6315,1420.0284912071045,2025-05-29 06:19:00+00:00,sl,False,False,False,False,True,3272.598,3272.769925,0.0,0.0,0.02,-42.16023017140644,0.0,0.22,0.20000000000000004,0.42000000000000004,1377.868261035698
2025-05-30 00:30:00+00:00,SELL,3293.3230000000003,1377.868261035698,2025-05-30 09:09:00+00:00,sl,False,False,False,False,True,3291.998,3292.4567500000003,0.0,0.0,0.03,-42.58795966198557,0.0,0.32999999999999996,0.29999999999999993,0.6299999999999999,1335.2803013737123
2025-06-02 00:30:00+00:00,BUY,3310.3365000000003,1335.2803013737123,2025-06-02 02:43:00+00:00,tp3,False,False,True,False,True,3314.148,3311.3878250000002,0.0,0.0,0.03,83.87450431230957,0.0,0.32999999999999996,0.29999999999999993,0.6299999999999999,1419.154805686022
2025-06-03 00:30:00+00:00,BUY,3362.74,1419.154805686022,2025-06-03 09:45:00+00:00,sl,False,False,False,False,True,3363.825,3363.83175,0.0,0.0,0.03,-46.61370231795025,0.0,0.32999999999999996,0.29999999999999993,0.6299999999999999,1372.5411033680716
2025-06-04 00:30:00+00:00,BUY,3358.7115,1372.5411033680716,2025-06-04 07:27:00+00:00,sl,False,False,False,False,True,3359.905,3359.793075,0.0,0.0,0.03,-41.879720518549114,0.0,0.32999999999999996,0.29999999999999993,0.6299999999999999,1330.6613828495224
2025-06-05 00:30:00+00:00,BUY,3369.998,1330.6613828495224,2025-06-05 06:27:00+00:00,tp3,False,False,True,False,True,3370.998,3371.098,0.0,0.0,0.03,70.03339658394282,0.0,0.32999999999999996,0.29999999999999993,0.6299999999999999,1400.694779433465
2025-06-06 00:30:00+00:00,BUY,3370.423,1400.694779433465,2025-06-06 02:44:00+00:00,sl,False,False,False,False,True,3370.885,3371.2617499999997,0.0,0.0,0.03,-37.55152452191749,0.0,0.32999999999999996,0.29999999999999993,0.6299999999999999,1363.1432549115475
2025-06-09 00:30:00+00:00,SELL,3310.4065,1363.1432549115475,2025-06-09 02:59:00+00:00,sl,False,False,False,False,True,3309.675,3309.604325,0.0,0.0,0.03,-42.61276268710788,0.0,0.32999999999999996,0.29999999999999993,0.6299999999999999,1320.5304922244395
2025-06-10 00:45:00+00:00,SELL,3306.085,1320.5304922244395,2025-06-10 01:35:00+00:00,sl,False,False,False,False,True,3304.248,3304.985,0.0,0.0,0.03,-39.82151601063641,0.0,0.32999999999999996,0.29999999999999993,0.6299999999999999,1280.708976213803
2025-06-11 00:30:00+00:00,BUY,3338.745,1280.708976213803,2025-06-11 07:02:00+00:00,sl,False,False,False,False,True,3340.548,3339.845,0.0,0.0,0.03,-37.62195706059345,0.0,0.32999999999999996,0.29999999999999993,0.6299999999999999,1243.0870191532094
2025-06-12 00:30:00+00:00,BUY,3371.248,1243.0870191532094,2025-06-12 03:35:00+00:00,sl,False,False,False,False,True,3371.965,3372.348,0.0,0.0,0.03,-42.502921346599926,0.0,0.32999999999999996,0.29999999999999993,0.6299999999999999,1200.5840978066094
2025-06-13 00:30:00+00:00,BUY,3424.555,1200.5840978066094,2025-06-16 02:20:00+00:00,sl,False,False,False,False,True,3426.865,3425.6549999999997,0.0,0.0,0.02,-21.644059934416386,-0.306,0.22,0.20000000000000004,0.42000000000000004,1178.940037872193
2025-06-16 00:30:00+00:00,BUY,3430.815,1178.940037872193,,,,,,,False,,,0.0,0.0,0.0,0.0,0.0,0.0,0.0,0.0,1178.940037872193
2025-06-17 00:30:00+00:00,SELL,3388.185,1178.940037872193,2025-06-18 09:30:00+00:00,sl,False,False,False,False,True,3388.095,3387.4425,0.0,0.0,0.02,-17.179052847360182,0.0,0.22,0.20000000000000004,0.42000000000000004,1161.7609850248327
2025-06-18 00:30:00+00:00,BUY,3390.96,1161.7609850248327,2025-06-18 02:18:00+00:00,sl,False,False,False,False,True,3395.798,3391.9142500000003,0.0,0.0,0.03,-38.546714058595974,0.0,0.32999999999999996,0.29999999999999993,0.6299999999999999,1123.2142709662367
2025-06-19 00:30:00+00:00,SELL,3373.53,1123.2142709662367,2025-06-19 02:29:00+00:00,tp3,False,False,True,False,True,3372.815,3373.1752500000002,0.0,0.0,0.03,66.91614139021124,0.0,0.32999999999999996,0.29999999999999993,0.6299999999999999,1190.1304123564478
2025-06-20 00:30:00+00:00,SELL,3354.67,1190.1304123564478,2025-06-20 09:50:00+00:00,sl,False,False,False,False,True,3353.785,3354.17225,0.0,0.0,0.03,-39.6776498559965,0.0,0.32999999999999996,0.29999999999999993,0.6299999999999999,1150.4527625004512
2025-06-23 00:30:00+00:00,SELL,3363.01,1150.4527625004512,2025-06-23 07:04:00+00:00,sl,False,False,False,False,True,3360.405,3361.98975,0.0,0.0,0.03,-31.119684737896367,0.0,0.32999999999999996,0.29999999999999993,0.6299999999999999,1119.3330777625547
2025-06-24 00:30:00+00:00,SELL,3351.185,1119.3330777625547,2025-06-24 02:34:00+00:00,tp3,False,False,True,False,True,3348.135,3350.085,0.0,0.0,0.02,52.79963157540813,0.0,0.22,0.20000000000000004,0.42000000000000004,1172.1327093379628
2025-06-25 00:30:00+00:00,SELL,3327.565,1172.1327093379628,2025-06-25 03:45:00+00:00,sl,False,False,False,False,True,3326.875,3327.0205,0.0,0.0,0.04,-35.87310034281458,0.0,0.44,0.4000000000000001,0.8400000000000001,1136.2596089951483
2025-06-26 00:30:00+00:00,SELL,3336.625,1136.2596089951483,2025-06-26 03:24:00+00:00,sl,False,False,False,False,True,3335.348,3335.943,0.0,0.0,0.04,-39.34584822682504,0.0,0.44,0.4000000000000001,0.8400000000000001,1096.9137607683233
2025-06-27 00:30:00+00:00,SELL,3292.6115,1096.9137607683233,2025-06-27 09:01:00+00:00,tp3,False,False,True,False,True,3291.145,3291.628925,0.0,0.0,0.02,47.29106326016161,0.0,0.22,0.20000000000000004,0.42000000000000004,1144.2048240284848
2025-06-30 00:30:00+00:00,SELL,3279.8715,1144.2048240284848,2025-06-30 02:33:00+00:00,sl,False,False,False,False,True,3279.045,3279.086925,0.0,0.0,0.03,-40.08223969044537,0.0,0.32999999999999996,0.29999999999999993,0.6299999999999999,1104.1225843380394
2025-07-01 00:30:00+00:00,BUY,3320.5015000000003,1104.1225843380394,2025-07-01 04:03:00+00:00,tp3,False,False,True,False,True,3322.425,3321.5209250000003,0.0,0.0,0.03,52.07636877221295,0.0,0.32999999999999996,0.29999999999999993,0.6299999999999999,1156.1989531102522
2025-07-02 00:30:00+00:00,BUY,3340.485,1156.1989531102522,2025-07-02 02:50:00+00:00,sl,False,False,False,False,True,3341.155,3341.178,0.0,0.0,0.03,-31.24150515893496,0.0,0.32999999999999996,0.29999999999999993,0.6299999999999999,1124.9574479513171
2025-07-03 00:30:00+00:00,BUY,3348.223,1124.9574479513171,2025-07-03 08:30:00+00:00,sl,False,False,False,False,True,3349.145,3348.78675,0.0,0.0,0.04,-35.351628998880045,0.0,0.44,0.4000000000000001,0.8400000000000001,1089.6058189524372
2025-07-04 00:30:00+00:00,BUY,3338.9715,1089.6058189524372,2025-07-04 10:13:00+00:00,sl,False,False,False,False,True,3340.605,3339.646075,0.0,0.0,0.04,-36.08924550176911,0.0,0.44,0.4000000000000001,0.8400000000000001,1053.5165734506681
2025-07-07 00:30:00+00:00,SELL,3310.34,1053.5165734506681,2025-07-07 12:13:00+00:00,sl,False,False,False,False,True,3308.515,3309.38025,0.0,0.0,0.02,-27.937751565446817,0.0,0.22,0.20000000000000004,0.42000000000000004,1025.5788218852213
2025-07-08 00:30:00+00:00,BUY,3331.1185,1025.5788218852213,2025-07-08 05:30:00+00:00,sl,False,False,False,False,True,3332.365,3331.904725,0.0,0.0,0.03,-29.655743454520124,0.0,0.32999999999999996,0.29999999999999993,0.6299999999999999,995.9230784307011
2025-07-09 00:30:00+00:00,SELL,3293.548,995.9230784307011,2025-07-09 09:55:00+00:00,sl,False,False,False,False,True,3292.275,3292.448,0.0,0.0,0.02,-24.50494867747868,0.0,0.22,0.20000000000000004,0.42000000000000004,971.4181297532225
2025-07-10 00:30:00+00:00,BUY,3315.615,971.4181297532225,2025-07-10 20:31:00+00:00,tp3,False,False,True,False,True,3316.445,3316.143,0.0,0.0,0.03,47.46800682314583,-0.153,0.32999999999999996,0.29999999999999993,0.6299999999999999,1018.8861365763684
2025-07-11 00:30:00+00:00,BUY,3334.1665,1018.8861365763684,2025-07-11 08:35:00+00:00,tp3,False,False,True,False,True,3334.615,3334.655175,0.0,0.0,0.03,48.15898634912093,0.0,0.32999999999999996,0.29999999999999993,0.6299999999999999,1067.0451229254893
2025-07-14 00:30:00+00:00,BUY,3355.665,1067.0451229254893,2025-07-14 10:35:00+00:00,sl,False,False,False,False,True,3356.875,3356.5065,0.0,0.0,0.03,-33.574025458671606,0.0,0.32999999999999996,0.29999999999999993,0.6299999999999999,1033.4710974668176
2025-07-15 00:30:00+00:00,BUY,3359.155,1033.4710974668176,2025-07-15 08:16:00+00:00,sl,False,False,False,False,True,3360.505,3360.0955,0.0,0.0,0.04,-33.2101182793684,0.0,0.44,0.4000000000000001,0.8400000000000001,1000.2609791874492
2025-07-16 00:30:00+00:00,SELL,3333.9565,1000.2609791874492,,,,,,,False,,,0.0,0.0,0.0,0.0,0.0,0.0,0.0,0.0,1000.2609791874492
2025-07-17 00:30:00+00:00,BUY,3339.8565,1000.2609791874492,2025-07-17 02:22:00+00:00,sl,False,False,False,False,True,3341.425,3340.7868249999997,0.0,0.0,0.03,-30.714491841825183,0.0,0.32999999999999996,0.29999999999999993,0.6299999999999999,969.546487345624
2025-07-18 00:30:00+00:00,SELL,3335.3015,969.546487345624,2025-07-18 02:58:00+00:00,sl,False,False,False,False,True,3334.245,3334.749575,0.0,0.0,0.04,-32.4700767895591,0.0,0.44,0.4000000000000001,0.8400000000000001,937.0764105560648
2025-07-21 00:30:00+00:00,BUY,3351.2165,937.0764105560648,2025-07-21 02:27:00+00:00,tp3,False,False,True,False,True,3355.045,3351.666675,0.0,0.0,0.04,54.45814831635121,0.0,0.44,0.4000000000000001,0.8400000000000001,991.534558872416
2025-07-22 00:30:00+00:00,BUY,3390.2915000000003,991.534558872416,2025-07-22 09:02:00+00:00,tp3,False,False,True,False,True,3391.355,3391.3604250000003,0.0,0.0,0.03,50.18349561399065,0.0,0.32999999999999996,0.29999999999999993,0.6299999999999999,1041.7180544864066
2025-07-23 00:30:00+00:00,BUY,3423.4615,1041.7180544864066,2025-07-23 09:22:00+00:00,sl,False,False,False,False,True,3423.355,3424.337925,0.0,0.0,0.03,-33.438797180231525,0.0,0.32999999999999996,0.29999999999999993,0.6299999999999999,1008.279257306175
2025-07-24 00:30:00+00:00,SELL,3383.96,1008.279257306175,2025-07-24 07:30:00+00:00,tp3,False,False,True,False,True,3382.755,3383.31375,0.0,0.0,0.03,63.66686813455646,0.0,0.32999999999999996,0.29999999999999993,0.6299999999999999,1071.9461254407315
2025-07-25 00:30:00+00:00,SELL,3361.248,1071.9461254407315,2025-07-25 05:10:00+00:00,tp3,False,False,True,False,True,3359.945,3360.148,0.0,0.0,0.03,49.049999999999834,0.0,0.32999999999999996,0.29999999999999993,0.6299999999999999,1120.9961254407312
