ts_utc,direction,band_lo,band_hi,trigger,atr,ob_time,confirm_time,zone_width,entry_mid,datetime,entry_low,entry_high
2024-01-01 19:00:00+00:00,BUY,2064.155,2065.405,2064.78,,2024-01-01 18:30:00+00:00,2024-01-01 18:45:00+00:00,1.25,2064.78,2024-01-01 19:00:00+00:00,2064.155,2065.405
2024-01-02 00:30:00+00:00,BUY,2069.415,2071.605,2070.51,,2024-01-02 00:00:00+00:00,2024-01-02 00:15:00+00:00,2.1900000000000546,2070.51,2024-01-02 00:30:00+00:00,2069.415,2071.605
2024-01-03 00:45:00+00:00,SELL,2063.405,2064.225,2063.815,,2024-01-03 00:15:00+00:00,2024-01-03 00:30:00+00:00,0.819999999999709,2063.815,2024-01-03 00:45:00+00:00,2063.405,2064.225
2024-01-04 00:30:00+00:00,SELL,2042.435,2043.395,2042.915,,2024-01-04 00:00:00+00:00,2024-01-04 00:15:00+00:00,0.9600000000000364,2042.915,2024-01-04 00:30:00+00:00,2042.435,2043.395
2024-01-05 00:30:00+00:00,SELL,2043.055,2044.755,2043.9050000000002,,2024-01-05 00:00:00+00:00,2024-01-05 00:15:00+00:00,1.7000000000000455,2043.9050000000002,2024-01-05 00:30:00+00:00,2043.055,2044.755
2024-01-08 00:30:00+00:00,SELL,2034.505,2036.045,2035.275,,2024-01-08 00:00:00+00:00,2024-01-08 00:15:00+00:00,1.5399999999999636,2035.275,2024-01-08 00:30:00+00:00,2034.505,2036.045
2024-01-09 00:30:00+00:00,SELL,2032.395,2032.985,2032.69,,2024-01-09 00:00:00+00:00,2024-01-09 00:15:00+00:00,0.5899999999999181,2032.69,2024-01-09 00:30:00+00:00,2032.395,2032.985
2024-01-10 00:30:00+00:00,SELL,2028.715,2030.135,2029.425,,2024-01-10 00:00:00+00:00,2024-01-10 00:15:00+00:00,1.4200000000000728,2029.425,2024-01-10 00:30:00+00:00,2028.715,2030.135
2024-01-11 00:30:00+00:00,BUY,2030.965,2032.415,2031.69,,2024-01-11 00:00:00+00:00,2024-01-11 00:15:00+00:00,1.4500000000000455,2031.69,2024-01-11 00:30:00+00:00,2030.965,2032.415
2024-01-12 00:30:00+00:00,BUY,2034.125,2035.055,2034.5900000000001,,2024-01-12 00:00:00+00:00,2024-01-12 00:15:00+00:00,0.9300000000000637,2034.5900000000001,2024-01-12 00:30:00+00:00,2034.125,2035.055
2024-01-15 00:30:00+00:00,BUY,2052.878,2054.475,2053.6765,,2024-01-15 00:00:00+00:00,2024-01-15 00:15:00+00:00,1.5969999999997526,2053.6765,2024-01-15 00:30:00+00:00,2052.878,2054.475
2024-01-16 00:45:00+00:00,BUY,2047.898,2049.145,2048.5215,,2024-01-16 00:15:00+00:00,2024-01-16 00:30:00+00:00,1.247000000000071,2048.5215,2024-01-16 00:45:00+00:00,2047.898,2049.145
2024-01-17 00:30:00+00:00,SELL,2021.385,2025.385,2023.385,,2024-01-17 00:00:00+00:00,2024-01-17 00:15:00+00:00,4.0,2023.385,2024-01-17 00:30:00+00:00,2021.385,2025.385
2024-01-18 00:30:00+00:00,SELL,2006.065,2008.385,2007.225,,2024-01-18 00:00:00+00:00,2024-01-18 00:15:00+00:00,2.3199999999999363,2007.225,2024-01-18 00:30:00+00:00,2006.065,2008.385
2024-01-19 00:30:00+00:00,BUY,2020.835,2021.355,2021.095,,2024-01-19 00:00:00+00:00,2024-01-19 00:15:00+00:00,0.5199999999999818,2021.095,2024-01-19 00:30:00+00:00,2020.835,2021.355
2024-01-22 00:30:00+00:00,SELL,2023.928,2025.425,2024.6765,,2024-01-22 00:00:00+00:00,2024-01-22 00:15:00+00:00,1.4969999999998436,2024.6765,2024-01-22 00:30:00+00:00,2023.928,2025.425
2024-01-23 00:30:00+00:00,BUY,2027.464,2028.915,2028.1895,,2024-01-23 00:00:00+00:00,2024-01-23 00:15:00+00:00,1.4510000000000218,2028.1895,2024-01-23 00:30:00+00:00,2027.464,2028.915
2024-01-24 00:30:00+00:00,SELL,2023.365,2024.418,2023.8915,,2024-01-24 00:00:00+00:00,2024-01-24 00:15:00+00:00,1.0529999999998836,2023.8915,2024-01-24 00:30:00+00:00,2023.365,2024.418
2024-01-25 00:30:00+00:00,SELL,2015.625,2016.315,2015.97,,2024-01-25 00:00:00+00:00,2024-01-25 00:15:00+00:00,0.6900000000000546,2015.97,2024-01-25 00:30:00+00:00,2015.625,2016.315
2024-01-26 00:30:00+00:00,BUY,2020.955,2021.645,2021.3,,2024-01-26 00:00:00+00:00,2024-01-26 00:15:00+00:00,0.6900000000000546,2021.3,2024-01-26 00:30:00+00:00,2020.955,2021.645
2024-01-29 00:30:00+00:00,BUY,2025.055,2026.765,2025.91,,2024-01-29 00:00:00+00:00,2024-01-29 00:15:00+00:00,1.7100000000000364,2025.91,2024-01-29 00:30:00+00:00,2025.055,2026.765
2024-01-30 00:45:00+00:00,BUY,2031.785,2032.975,2032.38,,2024-01-30 00:15:00+00:00,2024-01-30 00:30:00+00:00,1.1899999999998272,2032.38,2024-01-30 00:45:00+00:00,2031.785,2032.975
2024-01-31 00:30:00+00:00,BUY,2033.735,2034.465,2034.1,,2024-01-31 00:00:00+00:00,2024-01-31 00:15:00+00:00,0.7300000000000182,2034.1,2024-01-31 00:30:00+00:00,2033.735,2034.465
2024-02-01 00:30:00+00:00,BUY,2044.705,2045.605,2045.155,,2024-02-01 00:00:00+00:00,2024-02-01 00:15:00+00:00,0.900000000000091,2045.155,2024-02-01 00:30:00+00:00,2044.705,2045.605
2024-02-02 00:30:00+00:00,BUY,2054.288,2055.284,2054.786,,2024-02-02 00:00:00+00:00,2024-02-02 00:15:00+00:00,0.9960000000000946,2054.786,2024-02-02 00:30:00+00:00,2054.288,2055.284
2024-02-05 00:30:00+00:00,SELL,2029.515,2031.785,2030.65,,2024-02-05 00:00:00+00:00,2024-02-05 00:15:00+00:00,2.269999999999982,2030.65,2024-02-05 00:30:00+00:00,2029.515,2031.785
2024-02-06 00:30:00+00:00,SELL,2025.798,2026.855,2026.3265000000001,,2024-02-06 00:00:00+00:00,2024-02-06 00:15:00+00:00,1.0570000000000164,2026.3265000000001,2024-02-06 00:30:00+00:00,2025.798,2026.855
2024-02-07 00:30:00+00:00,BUY,2034.655,2035.395,2035.025,,2024-02-07 00:00:00+00:00,2024-02-07 00:15:00+00:00,0.7400000000000091,2035.025,2024-02-07 00:30:00+00:00,2034.655,2035.395
2024-02-08 00:30:00+00:00,SELL,2031.014,2032.425,2031.7195,,2024-02-08 00:00:00+00:00,2024-02-08 00:15:00+00:00,1.4110000000000582,2031.7195,2024-02-08 00:30:00+00:00,2031.014,2032.425
2024-02-09 00:30:00+00:00,SELL,2032.505,2032.975,2032.74,,2024-02-09 00:00:00+00:00,2024-02-09 00:15:00+00:00,0.4699999999997999,2032.74,2024-02-09 00:30:00+00:00,2032.505,2032.975
2024-02-12 00:30:00+00:00,SELL,2022.865,2023.425,2023.145,,2024-02-12 00:00:00+00:00,2024-02-12 00:15:00+00:00,0.5599999999999454,2023.145,2024-02-12 00:30:00+00:00,2022.865,2023.425
2024-02-13 00:30:00+00:00,SELL,2018.905,2019.935,2019.42,,2024-02-13 00:00:00+00:00,2024-02-13 00:15:00+00:00,1.0299999999999727,2019.42,2024-02-13 00:30:00+00:00,2018.905,2019.935
2024-02-14 00:30:00+00:00,SELL,1992.075,1992.665,1992.37,,2024-02-14 00:00:00+00:00,2024-02-14 00:15:00+00:00,0.5899999999999181,1992.37,2024-02-14 00:30:00+00:00,1992.075,1992.665
2024-02-15 00:30:00+00:00,SELL,1991.795,1992.585,1992.19,,2024-02-15 00:00:00+00:00,2024-02-15 00:15:00+00:00,0.7899999999999636,1992.19,2024-02-15 00:30:00+00:00,1991.795,1992.585
2024-02-16 00:45:00+00:00,BUY,2003.305,2003.815,2003.56,,2024-02-16 00:15:00+00:00,2024-02-16 00:30:00+00:00,0.5099999999999909,2003.56,2024-02-16 00:45:00+00:00,2003.305,2003.815
2024-02-19 00:30:00+00:00,BUY,2018.475,2019.055,2018.7649999999999,,2024-02-19 00:00:00+00:00,2024-02-19 00:15:00+00:00,0.5800000000001546,2018.7649999999999,2024-02-19 00:30:00+00:00,2018.475,2019.055
2024-02-20 00:30:00+00:00,BUY,2018.454,2019.485,2018.9695,,2024-02-20 00:00:00+00:00,2024-02-20 00:15:00+00:00,1.030999999999949,2018.9695,2024-02-20 00:30:00+00:00,2018.454,2019.485
2024-02-21 00:30:00+00:00,BUY,2030.075,2031.375,2030.725,,2024-02-21 00:00:00+00:00,2024-02-21 00:15:00+00:00,1.2999999999999545,2030.725,2024-02-21 00:30:00+00:00,2030.075,2031.375
2024-02-22 00:30:00+00:00,BUY,2028.495,2029.915,2029.205,,2024-02-22 00:00:00+00:00,2024-02-22 00:15:00+00:00,1.4200000000000728,2029.205,2024-02-22 00:30:00+00:00,2028.495,2029.915
2024-02-23 00:30:00+00:00,SELL,2025.295,2026.095,2025.6950000000002,,2024-02-23 00:00:00+00:00,2024-02-23 00:15:00+00:00,0.7999999999999545,2025.6950000000002,2024-02-23 00:30:00+00:00,2025.295,2026.095
2024-02-26 00:45:00+00:00,BUY,2032.465,2033.335,2032.9,,2024-02-26 00:15:00+00:00,2024-02-26 00:30:00+00:00,0.8700000000001182,2032.9,2024-02-26 00:45:00+00:00,2032.465,2033.335
2024-02-27 00:30:00+00:00,BUY,2032.948,2033.755,2033.3515000000002,,2024-02-27 00:00:00+00:00,2024-02-27 00:15:00+00:00,0.8070000000000164,2033.3515000000002,2024-02-27 00:30:00+00:00,2032.948,2033.755
2024-02-28 00:30:00+00:00,SELL,2029.878,2030.818,2030.348,,2024-02-28 00:00:00+00:00,2024-02-28 00:15:00+00:00,0.9400000000000546,2030.348,2024-02-28 00:30:00+00:00,2029.878,2030.818
2024-02-29 00:30:00+00:00,BUY,2034.715,2035.695,2035.205,,2024-02-29 00:00:00+00:00,2024-02-29 00:15:00+00:00,0.9800000000000182,2035.205,2024-02-29 00:30:00+00:00,2034.715,2035.695
2024-03-01 00:30:00+00:00,BUY,2044.365,2045.595,2044.98,,2024-03-01 00:00:00+00:00,2024-03-01 00:15:00+00:00,1.2300000000000182,2044.98,2024-03-01 00:30:00+00:00,2044.365,2045.595
2024-03-04 00:30:00+00:00,BUY,2080.395,2080.825,2080.6099999999997,,2024-03-04 00:00:00+00:00,2024-03-04 00:15:00+00:00,0.4299999999998363,2080.6099999999997,2024-03-04 00:30:00+00:00,2080.395,2080.825
2024-03-05 00:30:00+00:00,BUY,2115.265,2115.995,2115.63,,2024-03-05 00:00:00+00:00,2024-03-05 00:15:00+00:00,0.7300000000000182,2115.63,2024-03-05 00:30:00+00:00,2115.265,2115.995
2024-03-06 00:30:00+00:00,BUY,2126.055,2126.955,2126.505,,2024-03-06 00:00:00+00:00,2024-03-06 00:15:00+00:00,0.900000000000091,2126.505,2024-03-06 00:30:00+00:00,2126.055,2126.955
2024-03-07 00:30:00+00:00,BUY,2155.534,2158.178,2156.8559999999998,,2024-03-07 00:00:00+00:00,2024-03-07 00:15:00+00:00,2.643999999999778,2156.8559999999998,2024-03-07 00:30:00+00:00,2155.534,2158.178
2024-03-08 00:30:00+00:00,BUY,2157.325,2157.915,2157.62,,2024-03-08 00:00:00+00:00,2024-03-08 00:15:00+00:00,0.5900000000001455,2157.62,2024-03-08 00:30:00+00:00,2157.325,2157.915
2024-03-11 00:30:00+00:00,BUY,2180.095,2181.555,2180.825,,2024-03-11 00:00:00+00:00,2024-03-11 00:15:00+00:00,1.4600000000000364,2180.825,2024-03-11 00:30:00+00:00,2180.095,2181.555
2024-03-12 00:30:00+00:00,BUY,2178.078,2179.075,2178.5765,,2024-03-12 00:00:00+00:00,2024-03-12 00:15:00+00:00,0.9969999999998436,2178.5765,2024-03-12 00:30:00+00:00,2178.078,2179.075
2024-03-13 00:30:00+00:00,SELL,2158.855,2159.765,2159.31,,2024-03-13 00:00:00+00:00,2024-03-13 00:15:00+00:00,0.9099999999998545,2159.31,2024-03-13 00:30:00+00:00,2158.855,2159.765
2024-03-14 00:45:00+00:00,BUY,2169.728,2171.845,2170.7865,,2024-03-14 00:00:00+00:00,2024-03-14 00:30:00+00:00,2.1169999999997344,2170.7865,2024-03-14 00:45:00+00:00,2169.728,2171.845
2024-03-15 00:30:00+00:00,BUY,2163.858,2165.398,2164.628,,2024-03-15 00:00:00+00:00,2024-03-15 00:15:00+00:00,1.5399999999999636,2164.628,2024-03-15 00:30:00+00:00,2163.858,2165.398
2024-03-18 00:30:00+00:00,SELL,2146.955,2148.165,2147.56,,2024-03-18 00:00:00+00:00,2024-03-18 00:15:00+00:00,1.2100000000000364,2147.56,2024-03-18 00:30:00+00:00,2146.955,2148.165
2024-03-19 00:30:00+00:00,SELL,2158.325,2160.375,2159.35,,2024-03-19 00:00:00+00:00,2024-03-19 00:15:00+00:00,2.050000000000182,2159.35,2024-03-19 00:30:00+00:00,2158.325,2160.375
2024-03-20 00:30:00+00:00,SELL,2156.695,2157.705,2157.2,,2024-03-20 00:00:00+00:00,2024-03-20 00:15:00+00:00,1.0099999999997635,2157.2,2024-03-20 00:30:00+00:00,2156.695,2157.705
2024-03-21 00:30:00+00:00,BUY,2202.595,2204.045,2203.3199999999997,,2024-03-21 00:00:00+00:00,2024-03-21 00:15:00+00:00,1.4500000000002728,2203.3199999999997,2024-03-21 00:30:00+00:00,2202.595,2204.045
2024-03-22 00:30:00+00:00,SELL,2172.935,2174.795,2173.865,,2024-03-22 00:00:00+00:00,2024-03-22 00:15:00+00:00,1.8600000000001273,2173.865,2024-03-22 00:30:00+00:00,2172.935,2174.795
2024-03-25 00:30:00+00:00,SELL,2168.815,2170.215,2169.5150000000003,,2024-03-25 00:00:00+00:00,2024-03-25 00:15:00+00:00,1.400000000000091,2169.5150000000003,2024-03-25 00:30:00+00:00,2168.815,2170.215
2024-03-26 00:30:00+00:00,BUY,2171.695,2172.715,2172.205,,2024-03-26 00:00:00+00:00,2024-03-26 00:15:00+00:00,1.0199999999999818,2172.205,2024-03-26 00:30:00+00:00,2171.695,2172.715
2024-03-27 00:30:00+00:00,BUY,2176.305,2178.305,2177.305,,2024-03-27 00:00:00+00:00,2024-03-27 00:15:00+00:00,2.0,2177.305,2024-03-27 00:30:00+00:00,2176.305,2178.305
2024-03-28 00:45:00+00:00,BUY,2194.375,2195.915,2195.145,,2024-03-28 00:00:00+00:00,2024-03-28 00:30:00+00:00,1.5399999999999636,2195.145,2024-03-28 00:45:00+00:00,2194.375,2195.915
2024-04-01 00:30:00+00:00,BUY,2261.075,2265.075,2263.075,,2024-04-01 00:00:00+00:00,2024-04-01 00:15:00+00:00,4.0,2263.075,2024-04-01 00:30:00+00:00,2261.075,2265.075
2024-04-02 00:30:00+00:00,BUY,2250.885,2252.285,2251.585,,2024-04-02 00:00:00+00:00,2024-04-02 00:15:00+00:00,1.3999999999996362,2251.585,2024-04-02 00:30:00+00:00,2250.885,2252.285
2024-04-03 00:30:00+00:00,BUY,2285.025,2286.898,2285.9615000000003,,2024-04-03 00:00:00+00:00,2024-04-03 00:15:00+00:00,1.8730000000000473,2285.9615000000003,2024-04-03 00:30:00+00:00,2285.025,2286.898
2024-04-04 00:30:00+00:00,BUY,2298.238,2299.455,2298.8464999999997,,2024-04-04 00:00:00+00:00,2024-04-04 00:15:00+00:00,1.2170000000000982,2298.8464999999997,2024-04-04 00:30:00+00:00,2298.238,2299.455
2024-04-05 00:30:00+00:00,SELL,2276.485,2278.785,2277.635,,2024-04-05 00:00:00+00:00,2024-04-05 00:15:00+00:00,2.299999999999727,2277.635,2024-04-05 00:30:00+00:00,2276.485,2278.785
2024-04-08 00:30:00+00:00,BUY,2341.615,2345.505,2343.56,,2024-04-08 00:00:00+00:00,2024-04-08 00:15:00+00:00,3.8900000000003274,2343.56,2024-04-08 00:30:00+00:00,2341.615,2345.505
2024-04-09 00:30:00+00:00,BUY,2343.185,2344.335,2343.76,,2024-04-09 00:00:00+00:00,2024-04-09 00:15:00+00:00,1.150000000000091,2343.76,2024-04-09 00:30:00+00:00,2343.185,2344.335
2024-04-10 00:30:00+00:00,BUY,2350.825,2353.355,2352.09,,2024-04-10 00:00:00+00:00,2024-04-10 00:15:00+00:00,2.5300000000002,2352.09,2024-04-10 00:30:00+00:00,2350.825,2353.355
2024-04-11 00:30:00+00:00,BUY,2343.065,2346.005,2344.535,,2024-04-11 00:00:00+00:00,2024-04-11 00:15:00+00:00,2.9400000000000546,2344.535,2024-04-11 00:30:00+00:00,2343.065,2346.005
2024-04-12 00:30:00+00:00,BUY,2382.685,2384.655,2383.67,,2024-04-12 00:00:00+00:00,2024-04-12 00:15:00+00:00,1.9700000000002547,2383.67,2024-04-12 00:30:00+00:00,2382.685,2384.655
2024-04-15 00:30:00+00:00,SELL,2355.825,2358.545,2357.185,,2024-04-15 00:00:00+00:00,2024-04-15 00:15:00+00:00,2.7200000000002547,2357.185,2024-04-15 00:30:00+00:00,2355.825,2358.545
2024-04-16 00:30:00+00:00,BUY,2384.195,2388.125,2386.16,,2024-04-16 00:00:00+00:00,2024-04-16 00:15:00+00:00,3.9299999999998363,2386.16,2024-04-16 00:30:00+00:00,2384.195,2388.125
2024-04-17 00:30:00+00:00,BUY,2381.135,2382.085,2381.61,,2024-04-17 00:00:00+00:00,2024-04-17 00:15:00+00:00,0.9499999999998181,2381.61,2024-04-17 00:30:00+00:00,2381.135,2382.085
2024-04-18 00:30:00+00:00,SELL,2373.148,2374.755,2373.9515,,2024-04-18 00:00:00+00:00,2024-04-18 00:15:00+00:00,1.606999999999971,2373.9515,2024-04-18 00:30:00+00:00,2373.148,2374.755
2024-04-19 00:30:00+00:00,BUY,2384.664,2388.664,2386.664,,2024-04-19 00:00:00+00:00,2024-04-19 00:15:00+00:00,4.0,2386.664,2024-04-19 00:30:00+00:00,2384.664,2388.664
2024-04-22 00:30:00+00:00,SELL,2369.345,2372.375,2370.8599999999997,,2024-04-22 00:00:00+00:00,2024-04-22 00:15:00+00:00,3.0300000000002,2370.8599999999997,2024-04-22 00:30:00+00:00,2369.345,2372.375
2024-04-23 00:30:00+00:00,SELL,2302.765,2306.765,2304.765,,2024-04-23 00:00:00+00:00,2024-04-23 00:15:00+00:00,4.0,2304.765,2024-04-23 00:30:00+00:00,2302.765,2306.765
2024-04-24 00:30:00+00:00,SELL,2326.465,2329.975,2328.2200000000003,,2024-04-24 00:00:00+00:00,2024-04-24 00:15:00+00:00,3.5099999999997635,2328.2200000000003,2024-04-24 00:30:00+00:00,2326.465,2329.975
2024-04-25 00:30:00+00:00,SELL,2313.084,2314.635,2313.8595,,2024-04-25 00:00:00+00:00,2024-04-25 00:15:00+00:00,1.5510000000003856,2313.8595,2024-04-25 00:30:00+00:00,2313.084,2314.635
2024-04-26 00:45:00+00:00,BUY,2334.845,2338.038,2336.4415,,2024-04-26 00:15:00+00:00,2024-04-26 00:30:00+00:00,3.193000000000211,2336.4415,2024-04-26 00:45:00+00:00,2334.845,2338.038
2024-04-29 00:30:00+00:00,SELL,2327.255,2330.345,2328.8,,2024-04-29 00:00:00+00:00,2024-04-29 00:15:00+00:00,3.0899999999996908,2328.8,2024-04-29 00:30:00+00:00,2327.255,2330.345
2024-04-30 00:30:00+00:00,SELL,2327.545,2329.385,2328.465,,2024-04-30 00:00:00+00:00,2024-04-30 00:15:00+00:00,1.8400000000001455,2328.465,2024-04-30 00:30:00+00:00,2327.545,2329.385
2024-05-01 00:30:00+00:00,SELL,2281.805,2284.435,2283.12,,2024-05-01 00:00:00+00:00,2024-05-01 00:15:00+00:00,2.630000000000109,2283.12,2024-05-01 00:30:00+00:00,2281.805,2284.435
2024-05-02 00:30:00+00:00,BUY,2319.175,2320.875,2320.025,,2024-05-02 00:00:00+00:00,2024-05-02 00:15:00+00:00,1.699999999999818,2320.025,2024-05-02 00:30:00+00:00,2319.175,2320.875
2024-05-03 00:30:00+00:00,BUY,2302.365,2303.745,2303.055,,2024-05-03 00:00:00+00:00,2024-05-03 00:15:00+00:00,1.3800000000001091,2303.055,2024-05-03 00:30:00+00:00,2302.365,2303.745
2024-05-06 00:30:00+00:00,BUY,2308.015,2309.755,2308.885,,2024-05-06 00:00:00+00:00,2024-05-06 00:15:00+00:00,1.7400000000002365,2308.885,2024-05-06 00:30:00+00:00,2308.015,2309.755
2024-05-07 00:30:00+00:00,BUY,2323.395,2324.925,2324.16,,2024-05-07 00:00:00+00:00,2024-05-07 00:15:00+00:00,1.5300000000002,2324.16,2024-05-07 00:30:00+00:00,2323.395,2324.925
2024-05-08 00:30:00+00:00,BUY,2316.715,2318.395,2317.5550000000003,,2024-05-08 00:00:00+00:00,2024-05-08 00:15:00+00:00,1.6799999999998363,2317.5550000000003,2024-05-08 00:30:00+00:00,2316.715,2318.395
2024-05-09 00:30:00+00:00,BUY,2311.835,2314.025,2312.9300000000003,,2024-05-09 00:00:00+00:00,2024-05-09 00:15:00+00:00,2.1900000000000546,2312.9300000000003,2024-05-09 00:30:00+00:00,2311.835,2314.025
2024-05-10 00:30:00+00:00,BUY,2352.288,2353.365,2352.8265,,2024-05-10 00:00:00+00:00,2024-05-10 00:15:00+00:00,1.0769999999997708,2352.8265,2024-05-10 00:30:00+00:00,2352.288,2353.365
2024-05-13 00:30:00+00:00,BUY,2354.915,2356.925,2355.92,,2024-05-13 00:00:00+00:00,2024-05-13 00:15:00+00:00,2.0100000000002183,2355.92,2024-05-13 00:30:00+00:00,2354.915,2356.925
2024-05-14 00:30:00+00:00,BUY,2342.828,2344.635,2343.7315,,2024-05-14 00:00:00+00:00,2024-05-14 00:15:00+00:00,1.8070000000002437,2343.7315,2024-05-14 00:30:00+00:00,2342.828,2344.635
2024-05-15 00:30:00+00:00,BUY,2359.428,2360.685,2360.0564999999997,,2024-05-15 00:00:00+00:00,2024-05-15 00:15:00+00:00,1.2570000000000618,2360.0564999999997,2024-05-15 00:30:00+00:00,2359.428,2360.685
2024-05-16 00:30:00+00:00,BUY,2386.945,2389.305,2388.125,,2024-05-16 00:00:00+00:00,2024-05-16 00:15:00+00:00,2.3599999999996726,2388.125,2024-05-16 00:30:00+00:00,2386.945,2389.305
2024-05-17 00:45:00+00:00,BUY,2376.515,2377.815,2377.165,,2024-05-17 00:00:00+00:00,2024-05-17 00:30:00+00:00,1.300000000000182,2377.165,2024-05-17 00:45:00+00:00,2376.515,2377.815
2024-05-20 00:30:00+00:00,BUY,2436.495,2439.548,2438.0215,,2024-05-20 00:00:00+00:00,2024-05-20 00:15:00+00:00,3.0529999999998836,2438.0215,2024-05-20 00:30:00+00:00,2436.495,2439.548
2024-05-21 00:30:00+00:00,BUY,2412.365,2414.675,2413.52,,2024-05-21 00:00:00+00:00,2024-05-21 00:15:00+00:00,2.3100000000004,2413.52,2024-05-21 00:30:00+00:00,2412.365,2414.675
2024-05-22 00:30:00+00:00,SELL,2412.054,2414.674,2413.364,,2024-05-22 00:00:00+00:00,2024-05-22 00:15:00+00:00,2.619999999999891,2413.364,2024-05-22 00:30:00+00:00,2412.054,2414.674
2024-05-23 00:30:00+00:00,SELL,2371.685,2373.185,2372.435,,2024-05-23 00:00:00+00:00,2024-05-23 00:15:00+00:00,1.5,2372.435,2024-05-23 00:30:00+00:00,2371.685,2373.185
2024-05-24 00:30:00+00:00,SELL,2330.355,2333.345,2331.85,,2024-05-24 00:00:00+00:00,2024-05-24 00:15:00+00:00,2.9899999999997817,2331.85,2024-05-24 00:30:00+00:00,2330.355,2333.345
2024-05-27 00:30:00+00:00,SELL,2342.885,2345.948,2344.4165000000003,,2024-05-27 00:00:00+00:00,2024-05-27 00:15:00+00:00,3.062999999999647,2344.4165000000003,2024-05-27 00:30:00+00:00,2342.885,2345.948
2024-05-28 00:30:00+00:00,BUY,2350.305,2351.645,2350.975,,2024-05-28 00:00:00+00:00,2024-05-28 00:15:00+00:00,1.3400000000001455,2350.975,2024-05-28 00:30:00+00:00,2350.305,2351.645
2024-05-29 00:30:00+00:00,BUY,2356.728,2358.355,2357.5415000000003,,2024-05-29 00:00:00+00:00,2024-05-29 00:15:00+00:00,1.6269999999999527,2357.5415000000003,2024-05-29 00:30:00+00:00,2356.728,2358.355
2024-05-30 00:30:00+00:00,SELL,2333.975,2336.195,2335.085,,2024-05-30 00:00:00+00:00,2024-05-30 00:15:00+00:00,2.2200000000002547,2335.085,2024-05-30 00:30:00+00:00,2333.975,2336.195
2024-05-31 00:30:00+00:00,BUY,2343.098,2345.395,2344.2465,,2024-05-31 00:00:00+00:00,2024-05-31 00:15:00+00:00,2.2970000000000255,2344.2465,2024-05-31 00:30:00+00:00,2343.098,2345.395
2024-06-03 00:30:00+00:00,SELL,2320.145,2322.395,2321.27,,2024-06-03 00:00:00+00:00,2024-06-03 00:15:00+00:00,2.25,2321.27,2024-06-03 00:30:00+00:00,2320.145,2322.395
2024-06-04 00:45:00+00:00,BUY,2347.025,2348.585,2347.8050000000003,,2024-06-04 00:15:00+00:00,2024-06-04 00:30:00+00:00,1.5599999999999454,2347.8050000000003,2024-06-04 00:45:00+00:00,2347.025,2348.585
2024-06-05 00:30:00+00:00,BUY,2336.058,2337.728,2336.893,,2024-06-05 00:00:00+00:00,2024-06-05 00:15:00+00:00,1.6700000000000728,2336.893,2024-06-05 00:30:00+00:00,2336.058,2337.728
2024-06-06 00:30:00+00:00,BUY,2366.788,2369.068,2367.928,,2024-06-06 00:00:00+00:00,2024-06-06 00:15:00+00:00,2.2800000000002,2367.928,2024-06-06 00:30:00+00:00,2366.788,2369.068
2024-06-07 00:30:00+00:00,BUY,2379.115,2381.975,2380.545,,2024-06-07 00:00:00+00:00,2024-06-07 00:15:00+00:00,2.8600000000001273,2380.545,2024-06-07 00:30:00+00:00,2379.115,2381.975
2024-06-10 00:30:00+00:00,SELL,2292.615,2295.275,2293.9449999999997,,2024-06-10 00:00:00+00:00,2024-06-10 00:15:00+00:00,2.6600000000003092,2293.9449999999997,2024-06-10 00:30:00+00:00,2292.615,2295.275
2024-06-11 00:45:00+00:00,SELL,2301.944,2303.348,2302.6459999999997,,2024-06-11 00:15:00+00:00,2024-06-11 00:30:00+00:00,1.4039999999999964,2302.6459999999997,2024-06-11 00:45:00+00:00,2301.944,2303.348
2024-06-12 00:30:00+00:00,SELL,2313.468,2314.228,2313.848,,2024-06-12 00:00:00+00:00,2024-06-12 00:15:00+00:00,0.7600000000002183,2313.848,2024-06-12 00:30:00+00:00,2313.468,2314.228
2024-06-13 00:30:00+00:00,SELL,2313.385,2314.658,2314.0215,,2024-06-13 00:00:00+00:00,2024-06-13 00:15:00+00:00,1.2729999999996835,2314.0215,2024-06-13 00:30:00+00:00,2313.385,2314.658
2024-06-14 00:30:00+00:00,SELL,2303.385,2305.548,2304.4665,,2024-06-14 00:00:00+00:00,2024-06-14 00:15:00+00:00,2.162999999999556,2304.4665,2024-06-14 00:30:00+00:00,2303.385,2305.548
2024-06-17 00:30:00+00:00,BUY,2323.705,2324.728,2324.2165,,2024-06-17 00:00:00+00:00,2024-06-17 00:15:00+00:00,1.0230000000001382,2324.2165,2024-06-17 00:30:00+00:00,2323.705,2324.728
2024-06-18 00:30:00+00:00,BUY,2322.915,2324.338,2323.6265000000003,,2024-06-18 00:00:00+00:00,2024-06-18 00:15:00+00:00,1.4230000000002292,2323.6265000000003,2024-06-18 00:30:00+00:00,2322.915,2324.338
2024-06-19 00:30:00+00:00,BUY,2327.465,2328.315,2327.8900000000003,,2024-06-19 00:00:00+00:00,2024-06-19 00:15:00+00:00,0.849999999999909,2327.8900000000003,2024-06-19 00:30:00+00:00,2327.465,2328.315
2024-06-20 00:30:00+00:00,BUY,2333.645,2335.595,2334.62,,2024-06-20 00:00:00+00:00,2024-06-20 00:15:00+00:00,1.949999999999818,2334.62,2024-06-20 00:30:00+00:00,2333.645,2335.595
2024-06-21 00:30:00+00:00,BUY,2361.208,2362.105,2361.6565,,2024-06-21 00:00:00+00:00,2024-06-21 00:15:00+00:00,0.8969999999999345,2361.6565,2024-06-21 00:30:00+00:00,2361.208,2362.105
2024-06-24 00:30:00+00:00,SELL,2324.785,2326.505,2325.645,,2024-06-24 00:00:00+00:00,2024-06-24 00:15:00+00:00,1.7200000000002547,2325.645,2024-06-24 00:30:00+00:00,2324.785,2326.505
2024-06-25 00:30:00+00:00,SELL,2322.608,2326.238,2324.423,,2024-06-25 00:00:00+00:00,2024-06-25 00:15:00+00:00,3.6299999999996544,2324.423,2024-06-25 00:30:00+00:00,2322.608,2326.238
2024-06-26 00:30:00+00:00,SELL,2316.388,2317.518,2316.953,,2024-06-26 00:00:00+00:00,2024-06-26 00:15:00+00:00,1.1300000000001091,2316.953,2024-06-26 00:30:00+00:00,2316.388,2317.518
2024-06-27 00:30:00+00:00,SELL,2298.628,2301.018,2299.8230000000003,,2024-06-27 00:00:00+00:00,2024-06-27 00:15:00+00:00,2.3899999999998727,2299.8230000000003,2024-06-27 00:30:00+00:00,2298.628,2301.018
2024-06-28 00:30:00+00:00,BUY,2320.095,2321.705,2320.8999999999996,,2024-06-28 00:00:00+00:00,2024-06-28 00:15:00+00:00,1.6100000000001273,2320.8999999999996,2024-06-28 00:30:00+00:00,2320.095,2321.705
2024-07-01 00:30:00+00:00,BUY,2323.995,2325.885,2324.94,,2024-07-01 00:00:00+00:00,2024-07-01 00:15:00+00:00,1.8900000000003274,2324.94,2024-07-01 00:30:00+00:00,2323.995,2325.885
2024-07-02 00:45:00+00:00,BUY,2324.785,2326.094,2325.4395,,2024-07-02 00:00:00+00:00,2024-07-02 00:30:00+00:00,1.3090000000001965,2325.4395,2024-07-02 00:45:00+00:00,2324.785,2326.094
2024-07-03 00:30:00+00:00,BUY,2331.598,2332.878,2332.2380000000003,,2024-07-03 00:00:00+00:00,2024-07-03 00:15:00+00:00,1.2800000000002,2332.2380000000003,2024-07-03 00:30:00+00:00,2331.598,2332.878
2024-07-04 00:30:00+00:00,BUY,2357.845,2359.278,2358.5615,,2024-07-04 00:00:00+00:00,2024-07-04 00:15:00+00:00,1.4329999999999927,2358.5615,2024-07-04 00:30:00+00:00,2357.845,2359.278
2024-07-05 00:30:00+00:00,BUY,2361.238,2362.368,2361.803,,2024-07-05 00:00:00+00:00,2024-07-05 00:15:00+00:00,1.1300000000001091,2361.803,2024-07-05 00:30:00+00:00,2361.238,2362.368
2024-07-08 00:30:00+00:00,BUY,2381.925,2383.845,2382.885,,2024-07-08 00:00:00+00:00,2024-07-08 00:15:00+00:00,1.919999999999618,2382.885,2024-07-08 00:30:00+00:00,2381.925,2383.845
2024-07-09 00:30:00+00:00,BUY,2367.328,2368.455,2367.8914999999997,,2024-07-09 00:00:00+00:00,2024-07-09 00:15:00+00:00,1.1269999999999527,2367.8914999999997,2024-07-09 00:30:00+00:00,2367.328,2368.455
2024-07-10 00:30:00+00:00,BUY,2367.545,2368.805,2368.175,,2024-07-10 00:00:00+00:00,2024-07-10 00:15:00+00:00,1.2599999999997635,2368.175,2024-07-10 00:30:00+00:00,2367.545,2368.805
2024-07-11 01:00:00+00:00,BUY,2380.818,2382.338,2381.5780000000004,,2024-07-11 00:30:00+00:00,2024-07-11 00:45:00+00:00,1.5199999999999818,2381.5780000000004,2024-07-11 01:00:00+00:00,2380.818,2382.338
2024-07-12 00:30:00+00:00,BUY,2408.035,2409.168,2408.6014999999998,,2024-07-12 00:00:00+00:00,2024-07-12 00:15:00+00:00,1.1330000000002656,2408.6014999999998,2024-07-12 00:30:00+00:00,2408.035,2409.168
2024-07-15 00:30:00+00:00,BUY,2411.465,2412.715,2412.09,,2024-07-15 00:00:00+00:00,2024-07-15 00:15:00+00:00,1.25,2412.09,2024-07-15 00:30:00+00:00,2411.465,2412.715
2024-07-16 00:30:00+00:00,BUY,2426.208,2428.548,2427.3779999999997,,2024-07-16 00:00:00+00:00,2024-07-16 00:15:00+00:00,2.3399999999996908,2427.3779999999997,2024-07-16 00:30:00+00:00,2426.208,2428.548
2024-07-17 00:30:00+00:00,BUY,2470.638,2472.565,2471.6014999999998,,2024-07-17 00:00:00+00:00,2024-07-17 00:15:00+00:00,1.9270000000001346,2471.6014999999998,2024-07-17 00:30:00+00:00,2470.638,2472.565
2024-07-18 00:30:00+00:00,BUY,2465.748,2468.058,2466.9030000000002,,2024-07-18 00:00:00+00:00,2024-07-18 00:15:00+00:00,2.3099999999999454,2466.9030000000002,2024-07-18 00:30:00+00:00,2465.748,2468.058
2024-07-19 00:30:00+00:00,SELL,2427.345,2429.175,2428.26,,2024-07-19 00:00:00+00:00,2024-07-19 00:15:00+00:00,1.830000000000382,2428.26,2024-07-19 00:30:00+00:00,2427.345,2429.175
2024-07-22 00:30:00+00:00,SELL,2404.465,2407.005,2405.735,,2024-07-22 00:00:00+00:00,2024-07-22 00:15:00+00:00,2.5399999999999636,2405.735,2024-07-22 00:30:00+00:00,2404.465,2407.005
2024-07-23 00:30:00+00:00,SELL,2397.425,2399.038,2398.2315,,2024-07-23 00:00:00+00:00,2024-07-23 00:15:00+00:00,1.612999999999829,2398.2315,2024-07-23 00:30:00+00:00,2397.425,2399.038
2024-07-24 00:30:00+00:00,BUY,2415.925,2417.188,2416.5565,,2024-07-24 00:00:00+00:00,2024-07-24 00:15:00+00:00,1.26299999999992,2416.5565,2024-07-24 00:30:00+00:00,2415.925,2417.188
2024-07-25 00:30:00+00:00,SELL,2373.068,2375.188,2374.128,,2024-07-25 00:00:00+00:00,2024-07-25 00:15:00+00:00,2.119999999999891,2374.128,2024-07-25 00:30:00+00:00,2373.068,2375.188
2024-07-26 00:30:00+00:00,SELL,2370.468,2372.718,2371.593,,2024-07-26 00:00:00+00:00,2024-07-26 00:15:00+00:00,2.25,2371.593,2024-07-26 00:30:00+00:00,2370.468,2372.718
2024-07-29 00:30:00+00:00,BUY,2394.278,2395.925,2395.1014999999998,,2024-07-29 00:00:00+00:00,2024-07-29 00:15:00+00:00,1.6470000000003893,2395.1014999999998,2024-07-29 00:30:00+00:00,2394.278,2395.925
2024-07-30 00:30:00+00:00,BUY,2385.565,2386.565,2386.065,,2024-07-30 00:00:00+00:00,2024-07-30 00:15:00+00:00,1.0,2386.065,2024-07-30 00:30:00+00:00,2385.565,2386.565
2024-07-31 00:30:00+00:00,BUY,2414.285,2417.205,2415.745,,2024-07-31 00:00:00+00:00,2024-07-31 00:15:00+00:00,2.9200000000000728,2415.745,2024-07-31 00:30:00+00:00,2414.285,2417.205
2024-08-01 00:30:00+00:00,BUY,2442.328,2443.875,2443.1014999999998,,2024-08-01 00:00:00+00:00,2024-08-01 00:15:00+00:00,1.5470000000000255,2443.1014999999998,2024-08-01 00:30:00+00:00,2442.328,2443.875
2024-08-02 00:30:00+00:00,BUY,2454.108,2456.074,2455.0910000000003,,2024-08-02 00:00:00+00:00,2024-08-02 00:15:00+00:00,1.9659999999998945,2455.0910000000003,2024-08-02 00:30:00+00:00,2454.108,2456.074
2024-08-05 00:30:00+00:00,BUY,2450.748,2454.748,2452.748,,2024-08-05 00:00:00+00:00,2024-08-05 00:15:00+00:00,4.0,2452.748,2024-08-05 00:30:00+00:00,2450.748,2454.748
2024-08-06 00:30:00+00:00,SELL,2408.185,2410.595,2409.39,,2024-08-06 00:00:00+00:00,2024-08-06 00:15:00+00:00,2.4099999999998545,2409.39,2024-08-06 00:30:00+00:00,2408.185,2410.595
2024-08-07 00:30:00+00:00,SELL,2385.548,2389.468,2387.508,,2024-08-07 00:00:00+00:00,2024-08-07 00:15:00+00:00,3.9200000000000728,2387.508,2024-08-07 00:30:00+00:00,2385.548,2389.468
2024-08-08 00:30:00+00:00,SELL,2393.675,2395.995,2394.835,,2024-08-08 00:00:00+00:00,2024-08-08 00:15:00+00:00,2.319999999999709,2394.835,2024-08-08 00:30:00+00:00,2393.675,2395.995
2024-08-09 00:30:00+00:00,BUY,2420.098,2421.828,2420.9629999999997,,2024-08-09 00:00:00+00:00,2024-08-09 00:15:00+00:00,1.7300000000000182,2420.9629999999997,2024-08-09 00:30:00+00:00,2420.098,2421.828
2024-08-12 00:30:00+00:00,BUY,2428.095,2429.728,2428.9115,,2024-08-12 00:00:00+00:00,2024-08-12 00:15:00+00:00,1.6330000000002656,2428.9115,2024-08-12 00:30:00+00:00,2428.095,2429.728
2024-08-13 00:30:00+00:00,BUY,2463.325,2464.864,2464.0945,,2024-08-13 00:00:00+00:00,2024-08-13 00:15:00+00:00,1.5390000000002146,2464.0945,2024-08-13 00:30:00+00:00,2463.325,2464.864
2024-08-14 00:30:00+00:00,BUY,2460.305,2462.175,2461.24,,2024-08-14 00:00:00+00:00,2024-08-14 00:15:00+00:00,1.8700000000003456,2461.24,2024-08-14 00:30:00+00:00,2460.305,2462.175
2024-08-15 00:30:00+00:00,SELL,2453.565,2455.308,2454.4365,,2024-08-15 00:00:00+00:00,2024-08-15 00:15:00+00:00,1.7429999999999382,2454.4365,2024-08-15 00:30:00+00:00,2453.565,2455.308
2024-08-16 00:30:00+00:00,SELL,2451.855,2453.168,2452.5115,,2024-08-16 00:00:00+00:00,2024-08-16 00:15:00+00:00,1.3130000000001019,2452.5115,2024-08-16 00:30:00+00:00,2451.855,2453.168
2024-08-19 00:30:00+00:00,BUY,2502.775,2504.595,2503.685,,2024-08-19 00:00:00+00:00,2024-08-19 00:15:00+00:00,1.819999999999709,2503.685,2024-08-19 00:30:00+00:00,2502.775,2504.595
2024-08-20 00:30:00+00:00,BUY,2501.235,2502.325,2501.7799999999997,,2024-08-20 00:00:00+00:00,2024-08-20 00:15:00+00:00,1.0899999999996908,2501.7799999999997,2024-08-20 00:30:00+00:00,2501.235,2502.325
2024-08-21 00:30:00+00:00,BUY,2516.495,2517.515,2517.005,,2024-08-21 00:00:00+00:00,2024-08-21 00:15:00+00:00,1.0199999999999818,2517.005,2024-08-21 00:30:00+00:00,2516.495,2517.515
2024-08-22 00:30:00+00:00,SELL,2500.215,2502.288,2501.2515000000003,,2024-08-22 00:00:00+00:00,2024-08-22 00:15:00+00:00,2.0729999999998654,2501.2515000000003,2024-08-22 00:30:00+00:00,2500.215,2502.288
2024-08-23 00:30:00+00:00,SELL,2493.015,2494.385,2493.7,,2024-08-23 00:00:00+00:00,2024-08-23 00:15:00+00:00,1.3700000000003456,2493.7,2024-08-23 00:30:00+00:00,2493.015,2494.385
2024-08-26 00:30:00+00:00,BUY,2509.665,2510.635,2510.15,,2024-08-26 00:00:00+00:00,2024-08-26 00:15:00+00:00,0.9700000000002547,2510.15,2024-08-26 00:30:00+00:00,2509.665,2510.635
2024-08-27 01:00:00+00:00,BUY,2506.355,2508.025,2507.19,,2024-08-27 00:30:00+00:00,2024-08-27 00:45:00+00:00,1.6700000000000728,2507.19,2024-08-27 01:00:00+00:00,2506.355,2508.025
2024-08-28 00:30:00+00:00,SELL,2513.765,2516.035,2514.8999999999996,,2024-08-28 00:00:00+00:00,2024-08-28 00:15:00+00:00,2.269999999999982,2514.8999999999996,2024-08-28 00:30:00+00:00,2513.765,2516.035
2024-08-29 00:30:00+00:00,BUY,2516.105,2517.945,2517.025,,2024-08-29 00:00:00+00:00,2024-08-29 00:15:00+00:00,1.8400000000001455,2517.025,2024-08-29 00:30:00+00:00,2516.105,2517.945
2024-08-30 00:30:00+00:00,SELL,2512.035,2514.395,2513.215,,2024-08-30 00:00:00+00:00,2024-08-30 00:15:00+00:00,2.3600000000001273,2513.215,2024-08-30 00:30:00+00:00,2512.035,2514.395
2024-09-02 00:30:00+00:00,SELL,2496.165,2499.258,2497.7115,,2024-09-02 00:00:00+00:00,2024-09-02 00:15:00+00:00,3.092999999999847,2497.7115,2024-09-02 00:30:00+00:00,2496.165,2499.258
2024-09-03 00:30:00+00:00,SELL,2493.815,2495.025,2494.42,,2024-09-03 00:00:00+00:00,2024-09-03 00:15:00+00:00,1.2100000000000364,2494.42,2024-09-03 00:30:00+00:00,2493.815,2495.025
2024-09-04 00:30:00+00:00,SELL,2494.345,2495.435,2494.89,,2024-09-04 00:00:00+00:00,2024-09-04 00:15:00+00:00,1.0900000000001455,2494.89,2024-09-04 00:30:00+00:00,2494.345,2495.435
2024-09-05 00:30:00+00:00,SELL,2493.955,2494.855,2494.4049999999997,,2024-09-05 00:00:00+00:00,2024-09-05 00:15:00+00:00,0.900000000000091,2494.4049999999997,2024-09-05 00:30:00+00:00,2493.955,2494.855
2024-09-06 00:30:00+00:00,BUY,2517.675,2518.755,2518.215,,2024-09-06 00:00:00+00:00,2024-09-06 00:15:00+00:00,1.0799999999999272,2518.215,2024-09-06 00:30:00+00:00,2517.675,2518.755
2024-09-09 00:30:00+00:00,SELL,2498.518,2499.345,2498.9314999999997,,2024-09-09 00:00:00+00:00,2024-09-09 00:15:00+00:00,0.8269999999997708,2498.9314999999997,2024-09-09 00:30:00+00:00,2498.518,2499.345
2024-09-10 00:45:00+00:00,SELL,2501.105,2502.045,2501.575,,2024-09-10 00:15:00+00:00,2024-09-10 00:30:00+00:00,0.9400000000000546,2501.575,2024-09-10 00:45:00+00:00,2501.105,2502.045
2024-09-11 00:30:00+00:00,BUY,2518.828,2519.945,2519.3865,,2024-09-11 00:00:00+00:00,2024-09-11 00:15:00+00:00,1.1170000000001892,2519.3865,2024-09-11 00:30:00+00:00,2518.828,2519.945
2024-09-12 00:45:00+00:00,BUY,2515.485,2516.685,2516.085,,2024-09-12 00:15:00+00:00,2024-09-12 00:30:00+00:00,1.199999999999818,2516.085,2024-09-12 00:45:00+00:00,2515.485,2516.685
2024-09-13 00:30:00+00:00,BUY,2566.505,2567.945,2567.2250000000004,,2024-09-13 00:00:00+00:00,2024-09-13 00:15:00+00:00,1.4400000000000546,2567.2250000000004,2024-09-13 00:30:00+00:00,2566.505,2567.945
2024-09-16 00:30:00+00:00,BUY,2585.255,2586.415,2585.835,,2024-09-16 00:00:00+00:00,2024-09-16 00:15:00+00:00,1.1599999999998545,2585.835,2024-09-16 00:30:00+00:00,2585.255,2586.415
2024-09-17 00:30:00+00:00,BUY,2576.965,2578.444,2577.7045,,2024-09-17 00:00:00+00:00,2024-09-17 00:15:00+00:00,1.4789999999998145,2577.7045,2024-09-17 00:30:00+00:00,2576.965,2578.444
2024-09-18 00:30:00+00:00,SELL,2573.975,2576.295,2575.135,,2024-09-18 00:00:00+00:00,2024-09-18 00:15:00+00:00,2.3200000000001637,2575.135,2024-09-18 00:30:00+00:00,2573.975,2576.295
2024-09-19 00:30:00+00:00,SELL,2561.945,2564.005,2562.9750000000004,,2024-09-19 00:00:00+00:00,2024-09-19 00:15:00+00:00,2.0599999999999454,2562.9750000000004,2024-09-19 00:30:00+00:00,2561.945,2564.005
2024-09-20 00:45:00+00:00,BUY,2591.955,2593.405,2592.6800000000003,,2024-09-20 00:15:00+00:00,2024-09-20 00:30:00+00:00,1.4500000000002728,2592.6800000000003,2024-09-20 00:45:00+00:00,2591.955,2593.405
2024-09-23 00:30:00+00:00,BUY,2627.855,2630.895,2629.375,,2024-09-23 00:00:00+00:00,2024-09-23 00:15:00+00:00,3.0399999999999636,2629.375,2024-09-23 00:30:00+00:00,2627.855,2630.895
2024-09-24 00:30:00+00:00,BUY,2631.865,2634.385,2633.125,,2024-09-24 00:00:00+00:00,2024-09-24 00:15:00+00:00,2.5200000000004366,2633.125,2024-09-24 00:30:00+00:00,2631.865,2634.385
2024-09-25 00:30:00+00:00,BUY,2660.065,2661.545,2660.8050000000003,,2024-09-25 00:00:00+00:00,2024-09-25 00:15:00+00:00,1.4800000000000182,2660.8050000000003,2024-09-25 00:30:00+00:00,2660.065,2661.545
2024-09-26 00:30:00+00:00,BUY,2660.635,2662.804,2661.7195,,2024-09-26 00:00:00+00:00,2024-09-26 00:15:00+00:00,2.168999999999869,2661.7195,2024-09-26 00:30:00+00:00,2660.635,2662.804
2024-09-27 00:30:00+00:00,BUY,2670.625,2673.785,2672.205,,2024-09-27 00:00:00+00:00,2024-09-27 00:15:00+00:00,3.1599999999998545,2672.205,2024-09-27 00:30:00+00:00,2670.625,2673.785
2024-09-30 00:30:00+00:00,SELL,2651.945,2653.658,2652.8015,,2024-09-30 00:00:00+00:00,2024-09-30 00:15:00+00:00,1.712999999999738,2652.8015,2024-09-30 00:30:00+00:00,2651.945,2653.658
2024-10-01 00:30:00+00:00,SELL,2637.335,2638.865,2638.1,,2024-10-01 00:00:00+00:00,2024-10-01 00:15:00+00:00,1.5299999999997453,2638.1,2024-10-01 00:30:00+00:00,2637.335,2638.865
2024-10-02 00:30:00+00:00,BUY,2655.105,2656.355,2655.73,,2024-10-02 00:00:00+00:00,2024-10-02 00:15:00+00:00,1.25,2655.73,2024-10-02 00:30:00+00:00,2655.105,2656.355
2024-10-03 00:30:00+00:00,BUY,2654.558,2656.248,2655.4030000000002,,2024-10-03 00:00:00+00:00,2024-10-03 00:15:00+00:00,1.6900000000000546,2655.4030000000002,2024-10-03 00:30:00+00:00,2654.558,2656.248
2024-10-04 00:30:00+00:00,BUY,2660.525,2661.885,2661.205,,2024-10-04 00:00:00+00:00,2024-10-04 00:15:00+00:00,1.3600000000001273,2661.205,2024-10-04 00:30:00+00:00,2660.525,2661.885
2024-10-07 00:30:00+00:00,SELL,2647.235,2648.485,2647.86,,2024-10-07 00:00:00+00:00,2024-10-07 00:15:00+00:00,1.25,2647.86,2024-10-07 00:30:00+00:00,2647.235,2648.485
2024-10-08 00:30:00+00:00,SELL,2641.205,2643.605,2642.4049999999997,,2024-10-08 00:00:00+00:00,2024-10-08 00:15:00+00:00,2.400000000000091,2642.4049999999997,2024-10-08 00:30:00+00:00,2641.205,2643.605
2024-10-09 00:30:00+00:00,SELL,2615.855,2618.495,2617.175,,2024-10-09 00:00:00+00:00,2024-10-09 00:15:00+00:00,2.6399999999998727,2617.175,2024-10-09 00:30:00+00:00,2615.855,2618.495
2024-10-10 00:30:00+00:00,SELL,2611.398,2613.105,2612.2515000000003,,2024-10-10 00:00:00+00:00,2024-10-10 00:15:00+00:00,1.70699999999988,2612.2515000000003,2024-10-10 00:30:00+00:00,2611.398,2613.105
2024-10-11 00:30:00+00:00,BUY,2643.798,2645.418,2644.608,,2024-10-11 00:00:00+00:00,2024-10-11 00:15:00+00:00,1.6200000000003456,2644.608,2024-10-11 00:30:00+00:00,2643.798,2645.418
2024-10-14 00:30:00+00:00,BUY,2655.145,2656.135,2655.6400000000003,,2024-10-14 00:00:00+00:00,2024-10-14 00:15:00+00:00,0.9900000000002365,2655.6400000000003,2024-10-14 00:30:00+00:00,2655.145,2656.135
2024-10-15 00:30:00+00:00,SELL,2643.395,2645.555,2644.475,,2024-10-15 00:00:00+00:00,2024-10-15 00:15:00+00:00,2.1599999999998545,2644.475,2024-10-15 00:30:00+00:00,2643.395,2645.555
2024-10-16 00:30:00+00:00,BUY,2666.775,2667.748,2667.2615,,2024-10-16 00:00:00+00:00,2024-10-16 00:15:00+00:00,0.9729999999999563,2667.2615,2024-10-16 00:30:00+00:00,2666.775,2667.748
2024-10-17 00:30:00+00:00,BUY,2676.385,2679.155,2677.7700000000004,,2024-10-17 00:00:00+00:00,2024-10-17 00:15:00+00:00,2.769999999999982,2677.7700000000004,2024-10-17 00:30:00+00:00,2676.385,2679.155
2024-10-18 00:30:00+00:00,BUY,2709.435,2711.144,2710.2895,,2024-10-18 00:00:00+00:00,2024-10-18 00:15:00+00:00,1.7089999999998327,2710.2895,2024-10-18 00:30:00+00:00,2709.435,2711.144
2024-10-21 00:30:00+00:00,BUY,2730.335,2731.825,2731.08,,2024-10-21 00:00:00+00:00,2024-10-21 00:15:00+00:00,1.4899999999997817,2731.08,2024-10-21 00:30:00+00:00,2730.335,2731.825
2024-10-22 00:30:00+00:00,BUY,2730.785,2734.785,2732.785,,2024-10-22 00:00:00+00:00,2024-10-22 00:15:00+00:00,4.0,2732.785,2024-10-22 00:30:00+00:00,2730.785,2734.785
2024-10-23 00:30:00+00:00,BUY,2745.215,2747.835,2746.525,,2024-10-23 00:00:00+00:00,2024-10-23 00:15:00+00:00,2.619999999999891,2746.525,2024-10-23 00:30:00+00:00,2745.215,2747.835
2024-10-24 00:30:00+00:00,SELL,2722.695,2724.015,2723.355,,2024-10-24 00:00:00+00:00,2024-10-24 00:15:00+00:00,1.319999999999709,2723.355,2024-10-24 00:30:00+00:00,2722.695,2724.015
2024-10-25 00:30:00+00:00,SELL,2725.295,2727.655,2726.4750000000004,,2024-10-25 00:00:00+00:00,2024-10-25 00:15:00+00:00,2.3600000000001273,2726.4750000000004,2024-10-25 00:30:00+00:00,2725.295,2727.655
2024-10-28 00:30:00+00:00,BUY,2731.205,2734.245,2732.725,,2024-10-28 00:00:00+00:00,2024-10-28 00:15:00+00:00,3.0399999999999636,2732.725,2024-10-28 00:30:00+00:00,2731.205,2734.245
2024-10-29 00:30:00+00:00,BUY,2754.735,2756.718,2755.7264999999998,,2024-10-29 00:00:00+00:00,2024-10-29 00:15:00+00:00,1.9829999999997199,2755.7264999999998,2024-10-29 00:30:00+00:00,2754.735,2756.718
2024-10-30 00:30:00+00:00,BUY,2777.965,2780.205,2779.085,,2024-10-30 00:00:00+00:00,2024-10-30 00:15:00+00:00,2.2399999999997817,2779.085,2024-10-30 00:30:00+00:00,2777.965,2780.205
2024-10-31 00:30:00+00:00,BUY,2782.505,2784.545,2783.525,,2024-10-31 00:00:00+00:00,2024-10-31 00:15:00+00:00,2.0399999999999636,2783.525,2024-10-31 00:30:00+00:00,2782.505,2784.545
2024-11-01 00:30:00+00:00,SELL,2752.065,2752.888,2752.4764999999998,,2024-11-01 00:00:00+00:00,2024-11-01 00:15:00+00:00,0.8229999999998654,2752.4764999999998,2024-11-01 00:30:00+00:00,2752.065,2752.888
2024-11-04 00:30:00+00:00,SELL,2739.885,2742.695,2741.29,,2024-11-04 00:00:00+00:00,2024-11-04 00:15:00+00:00,2.8099999999999454,2741.29,2024-11-04 00:30:00+00:00,2739.885,2742.695
2024-11-05 00:30:00+00:00,SELL,2733.835,2735.295,2734.565,,2024-11-05 00:00:00+00:00,2024-11-05 00:15:00+00:00,1.4600000000000364,2734.565,2024-11-05 00:30:00+00:00,2733.835,2735.295
2024-11-06 00:30:00+00:00,SELL,2739.438,2743.438,2741.438,,2024-11-06 00:00:00+00:00,2024-11-06 00:15:00+00:00,4.0,2741.438,2024-11-06 00:30:00+00:00,2739.438,2743.438
2024-11-07 00:30:00+00:00,SELL,2655.074,2659.074,2657.074,,2024-11-07 00:00:00+00:00,2024-11-07 00:15:00+00:00,4.0,2657.074,2024-11-07 00:30:00+00:00,2655.074,2659.074
2024-11-08 00:30:00+00:00,BUY,2693.415,2695.598,2694.5065,,2024-11-08 00:00:00+00:00,2024-11-08 00:15:00+00:00,2.1829999999999927,2694.5065,2024-11-08 00:30:00+00:00,2693.415,2695.598
2024-11-11 00:30:00+00:00,SELL,2670.305,2674.115,2672.21,,2024-11-11 00:00:00+00:00,2024-11-11 00:15:00+00:00,3.8099999999999454,2672.21,2024-11-11 00:30:00+00:00,2670.305,2674.115
2024-11-12 00:30:00+00:00,SELL,2616.335,2618.035,2617.185,,2024-11-12 00:00:00+00:00,2024-11-12 00:15:00+00:00,1.699999999999818,2617.185,2024-11-12 00:30:00+00:00,2616.335,2618.035
2024-11-13 00:30:00+00:00,SELL,2606.135,2607.728,2606.9315,,2024-11-13 00:00:00+00:00,2024-11-13 00:15:00+00:00,1.5929999999998472,2606.9315,2024-11-13 00:30:00+00:00,2606.135,2607.728
2024-11-14 00:30:00+00:00,SELL,2561.775,2565.035,2563.4049999999997,,2024-11-14 00:00:00+00:00,2024-11-14 00:15:00+00:00,3.2599999999997635,2563.4049999999997,2024-11-14 00:30:00+00:00,2561.775,2565.035
2024-11-15 00:30:00+00:00,SELL,2565.465,2567.115,2566.29,,2024-11-15 00:00:00+00:00,2024-11-15 00:15:00+00:00,1.6499999999996362,2566.29,2024-11-15 00:30:00+00:00,2565.465,2567.115
2024-11-18 00:30:00+00:00,BUY,2589.285,2592.195,2590.74,,2024-11-18 00:00:00+00:00,2024-11-18 00:15:00+00:00,2.9100000000003092,2590.74,2024-11-18 00:30:00+00:00,2589.285,2592.195
2024-11-19 00:30:00+00:00,BUY,2620.715,2622.814,2621.7645,,2024-11-19 00:00:00+00:00,2024-11-19 00:15:00+00:00,2.0989999999997053,2621.7645,2024-11-19 00:30:00+00:00,2620.715,2622.814
2024-11-20 00:30:00+00:00,BUY,2634.755,2636.525,2635.6400000000003,,2024-11-20 00:00:00+00:00,2024-11-20 00:15:00+00:00,1.7699999999999818,2635.6400000000003,2024-11-20 00:30:00+00:00,2634.755,2636.525
2024-11-21 00:30:00+00:00,BUY,2655.265,2657.555,2656.41,,2024-11-21 00:00:00+00:00,2024-11-21 00:15:00+00:00,2.2899999999999636,2656.41,2024-11-21 00:30:00+00:00,2655.265,2657.555
2024-11-22 00:30:00+00:00,BUY,2686.275,2688.985,2687.63,,2024-11-22 00:00:00+00:00,2024-11-22 00:15:00+00:00,2.7100000000000364,2687.63,2024-11-22 00:30:00+00:00,2686.275,2688.985
2024-11-25 00:30:00+00:00,SELL,2670.425,2673.845,2672.135,,2024-11-25 00:00:00+00:00,2024-11-25 00:15:00+00:00,3.419999999999618,2672.135,2024-11-25 00:30:00+00:00,2670.425,2673.845
2024-11-26 00:30:00+00:00,SELL,2622.365,2626.365,2624.365,,2024-11-26 00:00:00+00:00,2024-11-26 00:15:00+00:00,4.0,2624.365,2024-11-26 00:30:00+00:00,2622.365,2626.365
2024-11-27 00:30:00+00:00,BUY,2638.305,2639.795,2639.05,,2024-11-27 00:00:00+00:00,2024-11-27 00:15:00+00:00,1.4900000000002365,2639.05,2024-11-27 00:30:00+00:00,2638.305,2639.795
2024-11-28 00:30:00+00:00,SELL,2629.975,2631.698,2630.8365,,2024-11-28 00:00:00+00:00,2024-11-28 00:15:00+00:00,1.7229999999999563,2630.8365,2024-11-28 00:30:00+00:00,2629.975,2631.698
2024-11-29 00:30:00+00:00,BUY,2659.315,2661.275,2660.295,,2024-11-29 00:00:00+00:00,2024-11-29 00:15:00+00:00,1.9600000000000364,2660.295,2024-11-29 00:30:00+00:00,2659.315,2661.275
2024-12-02 00:30:00+00:00,SELL,2625.285,2628.595,2626.9399999999996,,2024-12-02 00:00:00+00:00,2024-12-02 00:15:00+00:00,3.3099999999999454,2626.9399999999996,2024-12-02 00:30:00+00:00,2625.285,2628.595
2024-12-03 00:30:00+00:00,SELL,2636.985,2639.734,2638.3595,,2024-12-03 00:00:00+00:00,2024-12-03 00:15:00+00:00,2.7489999999997963,2638.3595,2024-12-03 00:30:00+00:00,2636.985,2639.734
2024-12-04 00:30:00+00:00,BUY,2647.895,2649.285,2648.59,,2024-12-04 00:00:00+00:00,2024-12-04 00:15:00+00:00,1.3899999999998727,2648.59,2024-12-04 00:30:00+00:00,2647.895,2649.285
2024-12-05 00:30:00+00:00,BUY,2645.375,2647.714,2646.5445,,2024-12-05 00:00:00+00:00,2024-12-05 00:15:00+00:00,2.338999999999942,2646.5445,2024-12-05 00:30:00+00:00,2645.375,2647.714
2024-12-06 00:30:00+00:00,SELL,2641.315,2642.225,2641.77,,2024-12-06 00:00:00+00:00,2024-12-06 00:15:00+00:00,0.9099999999998545,2641.77,2024-12-06 00:30:00+00:00,2641.315,2642.225
2024-12-09 00:30:00+00:00,SELL,2635.748,2638.155,2636.9515,,2024-12-09 00:00:00+00:00,2024-12-09 00:15:00+00:00,2.407000000000153,2636.9515,2024-12-09 00:30:00+00:00,2635.748,2638.155
2024-12-10 00:30:00+00:00,BUY,2669.165,2670.525,2669.8450000000003,,2024-12-10 00:00:00+00:00,2024-12-10 00:15:00+00:00,1.3600000000001273,2669.8450000000003,2024-12-10 00:30:00+00:00,2669.165,2670.525
2024-12-11 00:30:00+00:00,BUY,2674.548,2678.548,2676.548,,2024-12-11 00:00:00+00:00,2024-12-11 00:15:00+00:00,4.0,2676.548,2024-12-11 00:30:00+00:00,2674.548,2678.548
2024-12-12 00:30:00+00:00,BUY,2711.305,2713.445,2712.375,,2024-12-12 00:00:00+00:00,2024-12-12 00:15:00+00:00,2.1400000000003274,2712.375,2024-12-12 00:30:00+00:00,2711.305,2713.445
2024-12-13 00:30:00+00:00,SELL,2685.345,2687.585,2686.465,,2024-12-13 00:00:00+00:00,2024-12-13 00:15:00+00:00,2.2400000000002365,2686.465,2024-12-13 00:30:00+00:00,2685.345,2687.585
2024-12-16 00:30:00+00:00,SELL,2649.774,2653.344,2651.559,,2024-12-16 00:00:00+00:00,2024-12-16 00:15:00+00:00,3.5700000000001637,2651.559,2024-12-16 00:30:00+00:00,2649.774,2653.344
2024-12-17 00:30:00+00:00,SELL,2649.035,2651.655,2650.3450000000003,,2024-12-17 00:00:00+00:00,2024-12-17 00:15:00+00:00,2.6200000000003456,2650.3450000000003,2024-12-17 00:30:00+00:00,2649.035,2651.655
2024-12-18 00:30:00+00:00,SELL,2643.735,2646.034,2644.8845,,2024-12-18 00:00:00+00:00,2024-12-18 00:15:00+00:00,2.298999999999978,2644.8845,2024-12-18 00:30:00+00:00,2643.735,2646.034
2024-12-19 00:30:00+00:00,SELL,2608.005,2609.585,2608.795,,2024-12-19 00:00:00+00:00,2024-12-19 00:15:00+00:00,1.5799999999999272,2608.795,2024-12-19 00:30:00+00:00,2608.005,2609.585
2024-12-20 00:30:00+00:00,SELL,2596.585,2598.315,2597.45,,2024-12-20 00:00:00+00:00,2024-12-20 00:15:00+00:00,1.7300000000000182,2597.45,2024-12-20 00:30:00+00:00,2596.585,2598.315
2024-12-23 00:30:00+00:00,BUY,2624.798,2626.715,2625.7565,,2024-12-23 00:00:00+00:00,2024-12-23 00:15:00+00:00,1.917000000000371,2625.7565,2024-12-23 00:30:00+00:00,2624.798,2626.715
2024-12-24 00:30:00+00:00,BUY,2619.948,2621.195,2620.5715,,2024-12-24 00:00:00+00:00,2024-12-24 00:15:00+00:00,1.2470000000002983,2620.5715,2024-12-24 00:30:00+00:00,2619.948,2621.195
2024-12-25 18:30:00+00:00,BUY,2614.248,2618.248,2616.248,,2024-12-25 18:00:00+00:00,2024-12-25 18:15:00+00:00,4.0,2616.248,2024-12-25 18:30:00+00:00,2614.248,2618.248
2024-12-26 00:30:00+00:00,BUY,2625.968,2627.198,2626.5829999999996,,2024-12-26 00:00:00+00:00,2024-12-26 00:15:00+00:00,1.2300000000000182,2626.5829999999996,2024-12-26 00:30:00+00:00,2625.968,2627.198
2024-12-27 00:30:00+00:00,BUY,2632.835,2634.105,2633.4700000000003,,2024-12-27 00:00:00+00:00,2024-12-27 00:15:00+00:00,1.2699999999999818,2633.4700000000003,2024-12-27 00:30:00+00:00,2632.835,2634.105
2024-12-30 00:30:00+00:00,SELL,2621.448,2623.455,2622.4515,,2024-12-30 00:00:00+00:00,2024-12-30 00:15:00+00:00,2.007000000000062,2622.4515,2024-12-30 00:30:00+00:00,2621.448,2623.455
2024-12-31 00:30:00+00:00,SELL,2606.098,2607.428,2606.763,,2024-12-31 00:00:00+00:00,2024-12-31 00:15:00+00:00,1.3299999999999272,2606.763,2024-12-31 00:30:00+00:00,2606.098,2607.428
2025-01-01 18:30:00+00:00,BUY,2623.705,2626.005,2624.855,,2025-01-01 18:00:00+00:00,2025-01-01 18:15:00+00:00,2.300000000000182,2624.855,2025-01-01 18:30:00+00:00,2623.705,2626.005
2025-01-02 00:30:00+00:00,BUY,2632.864,2634.154,2633.509,,2025-01-02 00:00:00+00:00,2025-01-02 00:15:00+00:00,1.2899999999999636,2633.509,2025-01-02 00:30:00+00:00,2632.864,2634.154
2025-01-03 00:30:00+00:00,BUY,2660.945,2662.775,2661.86,,2025-01-03 00:00:00+00:00,2025-01-03 00:15:00+00:00,1.8299999999999272,2661.86,2025-01-03 00:30:00+00:00,2660.945,2662.775
2025-01-06 00:30:00+00:00,SELL,2634.295,2636.065,2635.1800000000003,,2025-01-06 00:00:00+00:00,2025-01-06 00:15:00+00:00,1.7699999999999818,2635.1800000000003,2025-01-06 00:30:00+00:00,2634.295,2636.065
2025-01-07 00:30:00+00:00,BUY,2636.855,2639.355,2638.105,,2025-01-07 00:00:00+00:00,2025-01-07 00:15:00+00:00,2.5,2638.105,2025-01-07 00:30:00+00:00,2636.855,2639.355
2025-01-08 00:30:00+00:00,BUY,2646.515,2647.265,2646.89,,2025-01-08 00:00:00+00:00,2025-01-08 00:15:00+00:00,0.75,2646.89,2025-01-08 00:30:00+00:00,2646.515,2647.265
2025-01-09 00:30:00+00:00,BUY,2658.695,2660.845,2659.77,,2025-01-09 00:00:00+00:00,2025-01-09 00:15:00+00:00,2.149999999999636,2659.77,2025-01-09 00:30:00+00:00,2658.695,2660.845
2025-01-10 01:00:00+00:00,BUY,2672.784,2675.785,2674.2844999999998,,2025-01-10 00:30:00+00:00,2025-01-10 00:45:00+00:00,3.000999999999749,2674.2844999999998,2025-01-10 01:00:00+00:00,2672.784,2675.785
2025-01-13 00:30:00+00:00,BUY,2684.605,2686.825,2685.715,,2025-01-13 00:00:00+00:00,2025-01-13 00:15:00+00:00,2.2199999999998,2685.715,2025-01-13 00:30:00+00:00,2684.605,2686.825
2025-01-14 00:30:00+00:00,SELL,2671.519,2675.155,2673.337,,2025-01-14 00:00:00+00:00,2025-01-14 00:15:00+00:00,3.636000000000422,2673.337,2025-01-14 00:30:00+00:00,2671.519,2675.155
2025-01-15 00:30:00+00:00,BUY,2674.665,2675.985,2675.325,,2025-01-15 00:00:00+00:00,2025-01-15 00:15:00+00:00,1.3200000000001637,2675.325,2025-01-15 00:30:00+00:00,2674.665,2675.985
2025-01-16 00:30:00+00:00,BUY,2695.115,2697.235,2696.175,,2025-01-16 00:00:00+00:00,2025-01-16 00:15:00+00:00,2.1200000000003456,2696.175,2025-01-16 00:30:00+00:00,2695.115,2697.235
2025-01-17 00:30:00+00:00,BUY,2713.819,2715.055,2714.437,,2025-01-17 00:00:00+00:00,2025-01-17 00:15:00+00:00,1.2359999999998763,2714.437,2025-01-17 00:30:00+00:00,2713.819,2715.055
2025-01-20 00:30:00+00:00,BUY,2704.735,2705.885,2705.3100000000004,,2025-01-20 00:00:00+00:00,2025-01-20 00:15:00+00:00,1.150000000000091,2705.3100000000004,2025-01-20 00:30:00+00:00,2704.735,2705.885
2025-01-21 00:30:00+00:00,BUY,2727.285,2728.985,2728.135,,2025-01-21 00:00:00+00:00,2025-01-21 00:15:00+00:00,1.7000000000002728,2728.135,2025-01-21 00:30:00+00:00,2727.285,2728.985
2025-01-22 00:45:00+00:00,BUY,2750.195,2752.098,2751.1465,,2025-01-22 00:00:00+00:00,2025-01-22 00:30:00+00:00,1.9029999999997926,2751.1465,2025-01-22 00:45:00+00:00,2750.195,2752.098
2025-01-23 00:30:00+00:00,BUY,2751.185,2753.025,2752.105,,2025-01-23 00:00:00+00:00,2025-01-23 00:15:00+00:00,1.8400000000001455,2752.105,2025-01-23 00:30:00+00:00,2751.185,2753.025
2025-01-24 01:15:00+00:00,BUY,2773.125,2776.095,2774.6099999999997,,2025-01-24 00:45:00+00:00,2025-01-24 01:00:00+00:00,2.9699999999998,2774.6099999999997,2025-01-24 01:15:00+00:00,2773.125,2776.095
2025-01-27 00:30:00+00:00,SELL,2755.185,2757.845,2756.515,,2025-01-27 00:00:00+00:00,2025-01-27 00:15:00+00:00,2.6599999999998545,2756.515,2025-01-27 00:30:00+00:00,2755.185,2757.845
2025-01-28 00:30:00+00:00,SELL,2742.145,2744.755,2743.45,,2025-01-28 00:00:00+00:00,2025-01-28 00:15:00+00:00,2.6100000000001273,2743.45,2025-01-28 00:30:00+00:00,2742.145,2744.755
2025-01-29 00:30:00+00:00,BUY,2761.325,2762.745,2762.035,,2025-01-29 00:00:00+00:00,2025-01-29 00:15:00+00:00,1.4200000000000728,2762.035,2025-01-29 00:30:00+00:00,2761.325,2762.745
2025-01-30 00:30:00+00:00,BUY,2759.805,2760.915,2760.3599999999997,,2025-01-30 00:00:00+00:00,2025-01-30 00:15:00+00:00,1.1100000000001273,2760.3599999999997,2025-01-30 00:30:00+00:00,2759.805,2760.915
2025-01-31 00:30:00+00:00,BUY,2795.025,2796.295,2795.66,,2025-01-31 00:00:00+00:00,2025-01-31 00:15:00+00:00,1.2699999999999818,2795.66,2025-01-31 00:30:00+00:00,2795.025,2796.295
2025-02-03 00:30:00+00:00,SELL,2779.775,2782.118,2780.9465,,2025-02-03 00:00:00+00:00,2025-02-03 00:15:00+00:00,2.342999999999847,2780.9465,2025-02-03 00:30:00+00:00,2779.775,2782.118
2025-02-04 00:30:00+00:00,BUY,2813.125,2817.125,2815.125,,2025-02-04 00:00:00+00:00,2025-02-04 00:15:00+00:00,4.0,2815.125,2025-02-04 00:30:00+00:00,2813.125,2817.125
2025-02-05 00:30:00+00:00,BUY,2853.705,2855.525,2854.615,,2025-02-05 00:00:00+00:00,2025-02-05 00:15:00+00:00,1.8200000000001637,2854.615,2025-02-05 00:30:00+00:00,2853.705,2855.525
2025-02-06 00:30:00+00:00,BUY,2866.528,2869.048,2867.7879999999996,,2025-02-06 00:00:00+00:00,2025-02-06 00:15:00+00:00,2.519999999999982,2867.7879999999996,2025-02-06 00:30:00+00:00,2866.528,2869.048
2025-02-07 00:30:00+00:00,BUY,2865.038,2866.648,2865.843,,2025-02-07 00:00:00+00:00,2025-02-07 00:15:00+00:00,1.6100000000001273,2865.843,2025-02-07 00:30:00+00:00,2865.038,2866.648
2025-02-10 00:30:00+00:00,BUY,2878.485,2879.795,2879.1400000000003,,2025-02-10 00:00:00+00:00,2025-02-10 00:15:00+00:00,1.3099999999999454,2879.1400000000003,2025-02-10 00:30:00+00:00,2878.485,2879.795
2025-02-11 00:30:00+00:00,BUY,2915.125,2918.435,2916.7799999999997,,2025-02-11 00:00:00+00:00,2025-02-11 00:15:00+00:00,3.3099999999999454,2916.7799999999997,2025-02-11 00:30:00+00:00,2915.125,2918.435
2025-02-12 00:30:00+00:00,SELL,2883.905,2886.055,2884.98,,2025-02-12 00:00:00+00:00,2025-02-12 00:15:00+00:00,2.149999999999636,2884.98,2025-02-12 00:30:00+00:00,2883.905,2886.055
2025-02-13 00:30:00+00:00,BUY,2917.758,2920.235,2918.9965,,2025-02-13 00:00:00+00:00,2025-02-13 00:15:00+00:00,2.4770000000003165,2918.9965,2025-02-13 00:30:00+00:00,2917.758,2920.235
2025-02-14 00:30:00+00:00,BUY,2927.598,2929.125,2928.3615,,2025-02-14 00:00:00+00:00,2025-02-14 00:15:00+00:00,1.5270000000000437,2928.3615,2025-02-14 00:30:00+00:00,2927.598,2929.125
2025-02-17 00:30:00+00:00,SELL,2898.675,2900.735,2899.705,,2025-02-17 00:00:00+00:00,2025-02-17 00:15:00+00:00,2.0599999999999454,2899.705,2025-02-17 00:30:00+00:00,2898.675,2900.735
2025-02-18 00:30:00+00:00,BUY,2909.625,2913.625,2911.625,,2025-02-18 00:00:00+00:00,2025-02-18 00:15:00+00:00,4.0,2911.625,2025-02-18 00:30:00+00:00,2909.625,2913.625
2025-02-19 00:30:00+00:00,BUY,2927.975,2930.165,2929.0699999999997,,2025-02-19 00:00:00+00:00,2025-02-19 00:15:00+00:00,2.1900000000000546,2929.0699999999997,2025-02-19 00:30:00+00:00,2927.975,2930.165
2025-02-20 00:30:00+00:00,BUY,2939.125,2943.125,2941.125,,2025-02-20 00:00:00+00:00,2025-02-20 00:15:00+00:00,4.0,2941.125,2025-02-20 00:30:00+00:00,2939.125,2943.125
2025-02-21 00:30:00+00:00,SELL,2925.008,2928.485,2926.7465,,2025-02-21 00:00:00+00:00,2025-02-21 00:15:00+00:00,3.4770000000003165,2926.7465,2025-02-21 00:30:00+00:00,2925.008,2928.485
2025-02-24 00:30:00+00:00,BUY,2939.395,2941.425,2940.41,,2025-02-24 00:00:00+00:00,2025-02-24 00:15:00+00:00,2.0300000000002,2940.41,2025-02-24 00:30:00+00:00,2939.395,2941.425
2025-02-25 00:30:00+00:00,SELL,2936.465,2939.385,2937.925,,2025-02-25 00:00:00+00:00,2025-02-25 00:15:00+00:00,2.9200000000000728,2937.925,2025-02-25 00:30:00+00:00,2936.465,2939.385
2025-02-26 00:30:00+00:00,SELL,2914.785,2917.615,2916.2,,2025-02-26 00:00:00+00:00,2025-02-26 00:15:00+00:00,2.8299999999999272,2916.2,2025-02-26 00:30:00+00:00,2914.785,2917.615
2025-02-27 00:30:00+00:00,SELL,2894.335,2898.335,2896.335,,2025-02-27 00:00:00+00:00,2025-02-27 00:15:00+00:00,4.0,2896.335,2025-02-27 00:30:00+00:00,2894.335,2898.335
2025-02-28 00:30:00+00:00,SELL,2862.195,2864.765,2863.48,,2025-02-28 00:00:00+00:00,2025-02-28 00:15:00+00:00,2.569999999999709,2863.48,2025-02-28 00:30:00+00:00,2862.195,2864.765
2025-03-03 00:30:00+00:00,SELL,2865.585,2867.248,2866.4165000000003,,2025-03-03 00:00:00+00:00,2025-03-03 00:15:00+00:00,1.663000000000011,2866.4165000000003,2025-03-03 00:30:00+00:00,2865.585,2867.248
2025-03-04 00:30:00+00:00,BUY,2890.325,2892.805,2891.5649999999996,,2025-03-04 00:00:00+00:00,2025-03-04 00:15:00+00:00,2.480000000000018,2891.5649999999996,2025-03-04 00:30:00+00:00,2890.325,2892.805
2025-03-05 00:30:00+00:00,BUY,2909.715,2911.555,2910.635,,2025-03-05 00:00:00+00:00,2025-03-05 00:15:00+00:00,1.8399999999996908,2910.635,2025-03-05 00:30:00+00:00,2909.715,2911.555
2025-03-06 00:30:00+00:00,BUY,2915.225,2917.275,2916.25,,2025-03-06 00:00:00+00:00,2025-03-06 00:15:00+00:00,2.050000000000182,2916.25,2025-03-06 00:30:00+00:00,2915.225,2917.275
2025-03-07 00:30:00+00:00,SELL,2906.235,2909.585,2907.91,,2025-03-07 00:00:00+00:00,2025-03-07 00:15:00+00:00,3.349999999999909,2907.91,2025-03-07 00:30:00+00:00,2906.235,2909.585
2025-03-10 00:45:00+00:00,SELL,2908.848,2911.575,2910.2115,,2025-03-10 00:00:00+00:00,2025-03-10 00:30:00+00:00,2.7269999999998618,2910.2115,2025-03-10 00:45:00+00:00,2908.848,2911.575
2025-03-11 00:30:00+00:00,SELL,2896.735,2898.685,2897.71,,2025-03-11 00:00:00+00:00,2025-03-11 00:15:00+00:00,1.949999999999818,2897.71,2025-03-11 00:30:00+00:00,2896.735,2898.685
2025-03-12 00:30:00+00:00,BUY,2912.938,2915.055,2913.9965,,2025-03-12 00:00:00+00:00,2025-03-12 00:15:00+00:00,2.1169999999997344,2913.9965,2025-03-12 00:30:00+00:00,2912.938,2915.055
2025-03-13 00:30:00+00:00,BUY,2943.248,2944.925,2944.0865000000003,,2025-03-13 00:00:00+00:00,2025-03-13 00:15:00+00:00,1.6770000000001346,2944.0865000000003,2025-03-13 00:30:00+00:00,2943.248,2944.925
2025-03-14 00:30:00+00:00,BUY,2984.158,2985.735,2984.9465,,2025-03-14 00:00:00+00:00,2025-03-14 00:15:00+00:00,1.5770000000002256,2984.9465,2025-03-14 00:30:00+00:00,2984.158,2985.735
2025-03-17 00:30:00+00:00,BUY,2981.975,2983.595,2982.785,,2025-03-17 00:00:00+00:00,2025-03-17 00:15:00+00:00,1.6199999999998909,2982.785,2025-03-17 00:30:00+00:00,2981.975,2983.595
2025-03-18 00:30:00+00:00,BUY,3011.265,3014.518,3012.8914999999997,,2025-03-18 00:00:00+00:00,2025-03-18 00:15:00+00:00,3.2530000000001564,3012.8914999999997,2025-03-18 00:30:00+00:00,3011.265,3014.518
2025-03-19 00:30:00+00:00,BUY,3036.295,3038.685,3037.49,,2025-03-19 00:00:00+00:00,2025-03-19 00:15:00+00:00,2.3899999999998727,3037.49,2025-03-19 00:30:00+00:00,3036.295,3038.685
2025-03-20 00:30:00+00:00,BUY,3050.408,3053.368,3051.888,,2025-03-20 00:00:00+00:00,2025-03-20 00:15:00+00:00,2.9600000000000364,3051.888,2025-03-20 00:30:00+00:00,3050.408,3053.368
2025-03-21 00:30:00+00:00,SELL,3026.865,3030.185,3028.5249999999996,,2025-03-21 00:00:00+00:00,2025-03-21 00:15:00+00:00,3.3200000000001637,3028.5249999999996,2025-03-21 00:30:00+00:00,3026.865,3030.185
2025-03-24 00:30:00+00:00,SELL,3018.855,3022.855,3020.855,,2025-03-24 00:00:00+00:00,2025-03-24 00:15:00+00:00,4.0,3020.855,2025-03-24 00:30:00+00:00,3018.855,3022.855
2025-03-25 00:30:00+00:00,SELL,3014.845,3018.845,3016.845,,2025-03-25 00:00:00+00:00,2025-03-25 00:15:00+00:00,4.0,3016.845,2025-03-25 00:30:00+00:00,3014.845,3018.845
2025-03-26 00:30:00+00:00,BUY,3013.048,3016.268,3014.658,,2025-03-26 00:00:00+00:00,2025-03-26 00:15:00+00:00,3.2200000000002547,3014.658,2025-03-26 00:30:00+00:00,3013.048,3016.268
2025-03-27 00:30:00+00:00,BUY,3031.428,3034.598,3033.013,,2025-03-27 00:00:00+00:00,2025-03-27 00:15:00+00:00,3.1700000000000728,3033.013,2025-03-27 00:30:00+00:00,3031.428,3034.598
2025-03-28 00:30:00+00:00,BUY,3072.305,3074.355,3073.33,,2025-03-28 00:00:00+00:00,2025-03-28 00:15:00+00:00,2.050000000000182,3073.33,2025-03-28 00:30:00+00:00,3072.305,3074.355
2025-03-31 00:30:00+00:00,BUY,3105.715,3109.195,3107.455,,2025-03-31 00:00:00+00:00,2025-03-31 00:15:00+00:00,3.480000000000018,3107.455,2025-03-31 00:30:00+00:00,3105.715,3109.195
2025-04-01 00:30:00+00:00,BUY,3144.285,3147.725,3146.005,,2025-04-01 00:00:00+00:00,2025-04-01 00:15:00+00:00,3.4400000000000546,3146.005,2025-04-01 00:30:00+00:00,3144.285,3147.725
2025-04-02 00:30:00+00:00,BUY,3124.555,3126.508,3125.5315,,2025-04-02 00:00:00+00:00,2025-04-02 00:15:00+00:00,1.9529999999999745,3125.5315,2025-04-02 00:30:00+00:00,3124.555,3126.508
2025-04-03 00:30:00+00:00,BUY,3146.855,3149.405,3148.13,,2025-04-03 00:00:00+00:00,2025-04-03 00:15:00+00:00,2.550000000000182,3148.13,2025-04-03 00:30:00+00:00,3146.855,3149.405
2025-04-04 00:30:00+00:00,SELL,3096.148,3100.148,3098.148,,2025-04-04 00:00:00+00:00,2025-04-04 00:15:00+00:00,4.0,3098.148,2025-04-04 00:30:00+00:00,3096.148,3100.148
2025-04-07 00:30:00+00:00,SELL,3027.598,3031.598,3029.598,,2025-04-07 00:00:00+00:00,2025-04-07 00:15:00+00:00,4.0,3029.598,2025-04-07 00:30:00+00:00,3027.598,3031.598
2025-04-08 00:30:00+00:00,SELL,2995.575,2999.575,2997.575,,2025-04-08 00:00:00+00:00,2025-04-08 00:15:00+00:00,4.0,2997.575,2025-04-08 00:30:00+00:00,2995.575,2999.575
2025-04-09 00:30:00+00:00,BUY,2998.695,3002.695,3000.695,,2025-04-09 00:00:00+00:00,2025-04-09 00:15:00+00:00,4.0,3000.695,2025-04-09 00:30:00+00:00,2998.695,3002.695
2025-04-10 00:30:00+00:00,BUY,3124.645,3127.975,3126.31,,2025-04-10 00:00:00+00:00,2025-04-10 00:15:00+00:00,3.3299999999999272,3126.31,2025-04-10 00:30:00+00:00,3124.645,3127.975
2025-04-11 00:45:00+00:00,BUY,3210.355,3214.355,3212.355,,2025-04-11 00:15:00+00:00,2025-04-11 00:30:00+00:00,4.0,3212.355,2025-04-11 00:45:00+00:00,3210.355,3214.355
2025-04-14 00:30:00+00:00,BUY,3231.835,3235.565,3233.7,,2025-04-14 00:00:00+00:00,2025-04-14 00:15:00+00:00,3.730000000000018,3233.7,2025-04-14 00:30:00+00:00,3231.835,3235.565
2025-04-15 00:30:00+00:00,BUY,3227.105,3229.945,3228.525,,2025-04-15 00:00:00+00:00,2025-04-15 00:15:00+00:00,2.8400000000001455,3228.525,2025-04-15 00:30:00+00:00,3227.105,3229.945
2025-04-16 00:30:00+00:00,BUY,3279.155,3283.155,3281.155,,2025-04-16 00:00:00+00:00,2025-04-16 00:15:00+00:00,4.0,3281.155,2025-04-16 00:30:00+00:00,3279.155,3283.155
2025-04-17 00:30:00+00:00,BUY,3338.515,3342.515,3340.515,,2025-04-17 00:00:00+00:00,2025-04-17 00:15:00+00:00,4.0,3340.515,2025-04-17 00:30:00+00:00,3338.515,3342.515
2025-04-21 00:30:00+00:00,BUY,3373.275,3377.275,3375.275,,2025-04-21 00:00:00+00:00,2025-04-21 00:15:00+00:00,4.0,3375.275,2025-04-21 00:30:00+00:00,3373.275,3377.275
2025-04-22 00:30:00+00:00,BUY,3479.015,3483.015,3481.015,,2025-04-22 00:00:00+00:00,2025-04-22 00:15:00+00:00,4.0,3481.015,2025-04-22 00:30:00+00:00,3479.015,3483.015
2025-04-23 00:30:00+00:00,SELL,3339.035,3343.035,3341.035,,2025-04-23 00:00:00+00:00,2025-04-23 00:15:00+00:00,4.0,3341.035,2025-04-23 00:30:00+00:00,3339.035,3343.035
2025-04-24 00:30:00+00:00,SELL,3327.595,3331.595,3329.595,,2025-04-24 00:00:00+00:00,2025-04-24 00:15:00+00:00,4.0,3329.595,2025-04-24 00:30:00+00:00,3327.595,3331.595
2025-04-25 00:30:00+00:00,SELL,3323.545,3327.545,3325.545,,2025-04-25 00:00:00+00:00,2025-04-25 00:15:00+00:00,4.0,3325.545,2025-04-25 00:30:00+00:00,3323.545,3327.545
2025-04-28 00:30:00+00:00,SELL,3289.195,3293.195,3291.195,,2025-04-28 00:00:00+00:00,2025-04-28 00:15:00+00:00,4.0,3291.195,2025-04-28 00:30:00+00:00,3289.195,3293.195
2025-04-29 00:30:00+00:00,SELL,3313.985,3317.405,3315.695,,2025-04-29 00:00:00+00:00,2025-04-29 00:15:00+00:00,3.4200000000000728,3315.695,2025-04-29 00:30:00+00:00,3313.985,3317.405
2025-04-30 00:30:00+00:00,SELL,3302.245,3305.975,3304.1099999999997,,2025-04-30 00:00:00+00:00,2025-04-30 00:15:00+00:00,3.730000000000018,3304.1099999999997,2025-04-30 00:30:00+00:00,3302.245,3305.975
2025-05-01 00:30:00+00:00,SELL,3227.065,3231.065,3229.065,,2025-05-01 00:00:00+00:00,2025-05-01 00:15:00+00:00,4.0,3229.065,2025-05-01 00:30:00+00:00,3227.065,3231.065
2025-05-02 00:30:00+00:00,SELL,3252.875,3256.425,3254.65,,2025-05-02 00:00:00+00:00,2025-05-02 00:15:00+00:00,3.550000000000182,3254.65,2025-05-02 00:30:00+00:00,3252.875,3256.425
2025-05-05 00:30:00+00:00,BUY,3253.505,3257.505,3255.505,,2025-05-05 00:00:00+00:00,2025-05-05 00:15:00+00:00,4.0,3255.505,2025-05-05 00:30:00+00:00,3253.505,3257.505
2025-05-06 00:30:00+00:00,BUY,3356.495,3360.495,3358.495,,2025-05-06 00:00:00+00:00,2025-05-06 00:15:00+00:00,4.0,3358.495,2025-05-06 00:30:00+00:00,3356.495,3360.495
2025-05-07 00:30:00+00:00,BUY,3374.455,3378.455,3376.455,,2025-05-07 00:00:00+00:00,2025-05-07 00:15:00+00:00,4.0,3376.455,2025-05-07 00:30:00+00:00,3374.455,3378.455
2025-05-08 00:30:00+00:00,BUY,3388.435,3392.435,3390.435,,2025-05-08 00:00:00+00:00,2025-05-08 00:15:00+00:00,4.0,3390.435,2025-05-08 00:30:00+00:00,3388.435,3392.435
2025-05-09 00:30:00+00:00,SELL,3310.835,3314.835,3312.835,,2025-05-09 00:00:00+00:00,2025-05-09 00:15:00+00:00,4.0,3312.835,2025-05-09 00:30:00+00:00,3310.835,3314.835
2025-05-12 00:30:00+00:00,SELL,3279.635,3283.335,3281.485,,2025-05-12 00:00:00+00:00,2025-05-12 00:15:00+00:00,3.699999999999818,3281.485,2025-05-12 00:30:00+00:00,3279.635,3283.335
2025-05-13 00:30:00+00:00,SELL,3235.015,3237.315,3236.165,,2025-05-13 00:00:00+00:00,2025-05-13 00:15:00+00:00,2.300000000000182,3236.165,2025-05-13 00:30:00+00:00,3235.015,3237.315
2025-05-14 00:30:00+00:00,SELL,3225.645,3229.645,3227.645,,2025-05-14 00:00:00+00:00,2025-05-14 00:15:00+00:00,4.0,3227.645,2025-05-14 00:30:00+00:00,3225.645,3229.645
2025-05-15 00:30:00+00:00,SELL,3148.235,3152.235,3150.235,,2025-05-15 00:00:00+00:00,2025-05-15 00:15:00+00:00,4.0,3150.235,2025-05-15 00:30:00+00:00,3148.235,3152.235
2025-05-16 00:30:00+00:00,BUY,3211.435,3214.825,3213.13,,2025-05-16 00:00:00+00:00,2025-05-16 00:15:00+00:00,3.3899999999998727,3213.13,2025-05-16 00:30:00+00:00,3211.435,3214.825
2025-05-19 00:30:00+00:00,BUY,3206.305,3210.305,3208.305,,2025-05-19 00:00:00+00:00,2025-05-19 00:15:00+00:00,4.0,3208.305,2025-05-19 00:30:00+00:00,3206.305,3210.305
2025-05-20 00:30:00+00:00,BUY,3211.085,3213.955,3212.52,,2025-05-20 00:00:00+00:00,2025-05-20 00:15:00+00:00,2.869999999999891,3212.52,2025-05-20 00:30:00+00:00,3211.085,3213.955
2025-05-21 00:30:00+00:00,BUY,3304.155,3308.155,3306.155,,2025-05-21 00:00:00+00:00,2025-05-21 00:15:00+00:00,4.0,3306.155,2025-05-21 00:30:00+00:00,3304.155,3308.155
2025-05-22 00:30:00+00:00,BUY,3332.438,3336.298,3334.368,,2025-05-22 00:00:00+00:00,2025-05-22 00:15:00+00:00,3.8599999999996726,3334.368,2025-05-22 00:30:00+00:00,3332.438,3336.298
2025-05-23 00:45:00+00:00,BUY,3305.745,3309.745,3307.745,,2025-05-23 00:15:00+00:00,2025-05-23 00:30:00+00:00,4.0,3307.745,2025-05-23 00:45:00+00:00,3305.745,3309.745
2025-05-26 00:30:00+00:00,BUY,3346.875,3350.828,3348.8514999999998,,2025-05-26 00:00:00+00:00,2025-05-26 00:15:00+00:00,3.9529999999999745,3348.8514999999998,2025-05-26 00:30:00+00:00,3346.875,3350.828
2025-05-27 00:30:00+00:00,SELL,3338.948,3341.198,3340.073,,2025-05-27 00:00:00+00:00,2025-05-27 00:15:00+00:00,2.25,3340.073,2025-05-27 00:30:00+00:00,3338.948,3341.198
2025-05-28 00:30:00+00:00,SELL,3295.625,3298.778,3297.2015,,2025-05-28 00:00:00+00:00,2025-05-28 00:15:00+00:00,3.1529999999997926,3297.2015,2025-05-28 00:30:00+00:00,3295.625,3298.778
2025-05-29 00:30:00+00:00,SELL,3272.065,3275.198,3273.6315,,2025-05-29 00:00:00+00:00,2025-05-29 00:15:00+00:00,3.132999999999811,3273.6315,2025-05-29 00:30:00+00:00,3272.065,3275.198
2025-05-30 00:30:00+00:00,SELL,3291.748,3294.898,3293.3230000000003,,2025-05-30 00:00:00+00:00,2025-05-30 00:15:00+00:00,3.150000000000091,3293.3230000000003,2025-05-30 00:30:00+00:00,3291.748,3294.898
2025-06-02 00:30:00+00:00,BUY,3308.425,3312.248,3310.3365000000003,,2025-06-02 00:00:00+00:00,2025-06-02 00:15:00+00:00,3.8229999999998654,3310.3365000000003,2025-06-02 00:30:00+00:00,3308.425,3312.248
2025-06-03 00:30:00+00:00,BUY,3360.755,3364.725,3362.74,,2025-06-03 00:00:00+00:00,2025-06-03 00:15:00+00:00,3.9699999999998,3362.74,2025-06-03 00:30:00+00:00,3360.755,3364.725
2025-06-04 00:30:00+00:00,BUY,3356.745,3360.678,3358.7115,,2025-06-04 00:00:00+00:00,2025-06-04 00:15:00+00:00,3.9329999999999927,3358.7115,2025-06-04 00:30:00+00:00,3356.745,3360.678
2025-06-05 00:30:00+00:00,BUY,3367.998,3371.998,3369.998,,2025-06-05 00:00:00+00:00,2025-06-05 00:15:00+00:00,4.0,3369.998,2025-06-05 00:30:00+00:00,3367.998,3371.998
2025-06-06 00:30:00+00:00,BUY,3368.898,3371.948,3370.423,,2025-06-06 00:00:00+00:00,2025-06-06 00:15:00+00:00,3.049999999999727,3370.423,2025-06-06 00:30:00+00:00,3368.898,3371.948
2025-06-09 00:30:00+00:00,SELL,3308.948,3311.865,3310.4065,,2025-06-09 00:00:00+00:00,2025-06-09 00:15:00+00:00,2.9169999999999163,3310.4065,2025-06-09 00:30:00+00:00,3308.948,3311.865
2025-06-10 00:45:00+00:00,SELL,3304.085,3308.085,3306.085,,2025-06-10 00:15:00+00:00,2025-06-10 00:30:00+00:00,4.0,3306.085,2025-06-10 00:45:00+00:00,3304.085,3308.085
2025-06-11 00:30:00+00:00,BUY,3336.745,3340.745,3338.745,,2025-06-11 00:00:00+00:00,2025-06-11 00:15:00+00:00,4.0,3338.745,2025-06-11 00:30:00+00:00,3336.745,3340.745
2025-06-12 00:30:00+00:00,BUY,3369.248,3373.248,3371.248,,2025-06-12 00:00:00+00:00,2025-06-12 00:15:00+00:00,4.0,3371.248,2025-06-12 00:30:00+00:00,3369.248,3373.248
2025-06-13 00:30:00+00:00,BUY,3422.555,3426.555,3424.555,,2025-06-13 00:00:00+00:00,2025-06-13 00:15:00+00:00,4.0,3424.555,2025-06-13 00:30:00+00:00,3422.555,3426.555
2025-06-16 00:30:00+00:00,BUY,3428.815,3432.815,3430.815,,2025-06-16 00:00:00+00:00,2025-06-16 00:15:00+00:00,4.0,3430.815,2025-06-16 00:30:00+00:00,3428.815,3432.815
2025-06-17 00:30:00+00:00,SELL,3386.835,3389.535,3388.185,,2025-06-17 00:00:00+00:00,2025-06-17 00:15:00+00:00,2.699999999999818,3388.185,2025-06-17 00:30:00+00:00,3386.835,3389.535
2025-06-18 00:30:00+00:00,BUY,3389.225,3392.695,3390.96,,2025-06-18 00:00:00+00:00,2025-06-18 00:15:00+00:00,3.4700000000002547,3390.96,2025-06-18 00:30:00+00:00,3389.225,3392.695
2025-06-19 00:30:00+00:00,SELL,3372.885,3374.175,3373.53,,2025-06-19 00:00:00+00:00,2025-06-19 00:15:00+00:00,1.2899999999999636,3373.53,2025-06-19 00:30:00+00:00,3372.885,3374.175
2025-06-20 00:30:00+00:00,SELL,3353.765,3355.575,3354.67,,2025-06-20 00:00:00+00:00,2025-06-20 00:15:00+00:00,1.8099999999999454,3354.67,2025-06-20 00:30:00+00:00,3353.765,3355.575
2025-06-23 00:30:00+00:00,SELL,3361.155,3364.865,3363.01,,2025-06-23 00:00:00+00:00,2025-06-23 00:15:00+00:00,3.7099999999995816,3363.01,2025-06-23 00:30:00+00:00,3361.155,3364.865
2025-06-24 00:30:00+00:00,SELL,3349.185,3353.185,3351.185,,2025-06-24 00:00:00+00:00,2025-06-24 00:15:00+00:00,4.0,3351.185,2025-06-24 00:30:00+00:00,3349.185,3353.185
2025-06-25 00:30:00+00:00,SELL,3326.575,3328.555,3327.5649999999996,,2025-06-25 00:00:00+00:00,2025-06-25 00:15:00+00:00,1.9800000000000182,3327.5649999999996,2025-06-25 00:30:00+00:00,3326.575,3328.555
2025-06-26 00:30:00+00:00,SELL,3335.385,3337.865,3336.625,,2025-06-26 00:00:00+00:00,2025-06-26 00:15:00+00:00,2.4799999999995634,3336.625,2025-06-26 00:30:00+00:00,3335.385,3337.865
2025-06-27 00:30:00+00:00,SELL,3290.825,3294.398,3292.6115,,2025-06-27 00:00:00+00:00,2025-06-27 00:15:00+00:00,3.57300000000032,3292.6115,2025-06-27 00:30:00+00:00,3290.825,3294.398
2025-06-30 00:30:00+00:00,SELL,3278.445,3281.298,3279.8715,,2025-06-30 00:00:00+00:00,2025-06-30 00:15:00+00:00,2.8529999999996107,3279.8715,2025-06-30 00:30:00+00:00,3278.445,3281.298
2025-07-01 00:30:00+00:00,BUY,3318.648,3322.355,3320.5015000000003,,2025-07-01 00:00:00+00:00,2025-07-01 00:15:00+00:00,3.70699999999988,3320.5015000000003,2025-07-01 00:30:00+00:00,3318.648,3322.355
2025-07-02 00:30:00+00:00,BUY,3339.225,3341.745,3340.4849999999997,,2025-07-02 00:00:00+00:00,2025-07-02 00:15:00+00:00,2.519999999999982,3340.4849999999997,2025-07-02 00:30:00+00:00,3339.225,3341.745
2025-07-03 00:30:00+00:00,BUY,3347.198,3349.248,3348.223,,2025-07-03 00:00:00+00:00,2025-07-03 00:15:00+00:00,2.050000000000182,3348.223,2025-07-03 00:30:00+00:00,3347.198,3349.248
2025-07-04 00:30:00+00:00,BUY,3337.745,3340.198,3338.9714999999997,,2025-07-04 00:00:00+00:00,2025-07-04 00:15:00+00:00,2.4529999999999745,3338.9714999999997,2025-07-04 00:30:00+00:00,3337.745,3340.198
2025-07-07 00:30:00+00:00,SELL,3308.595,3312.085,3310.34,,2025-07-07 00:00:00+00:00,2025-07-07 00:15:00+00:00,3.4900000000002365,3310.34,2025-07-07 00:30:00+00:00,3308.595,3312.085
2025-07-08 00:30:00+00:00,BUY,3329.689,3332.548,3331.1184999999996,,2025-07-08 00:00:00+00:00,2025-07-08 00:15:00+00:00,2.8589999999999236,3331.1184999999996,2025-07-08 00:30:00+00:00,3329.689,3332.548
2025-07-09 00:30:00+00:00,SELL,3291.548,3295.548,3293.548,,2025-07-09 00:00:00+00:00,2025-07-09 00:15:00+00:00,4.0,3293.548,2025-07-09 00:30:00+00:00,3291.548,3295.548
2025-07-10 00:30:00+00:00,BUY,3314.655,3316.575,3315.615,,2025-07-10 00:00:00+00:00,2025-07-10 00:15:00+00:00,1.919999999999618,3315.615,2025-07-10 00:30:00+00:00,3314.655,3316.575
2025-07-11 00:30:00+00:00,BUY,3333.278,3335.055,3334.1665,,2025-07-11 00:00:00+00:00,2025-07-11 00:15:00+00:00,1.7770000000000437,3334.1665,2025-07-11 00:30:00+00:00,3333.278,3335.055
2025-07-14 00:30:00+00:00,BUY,3354.135,3357.195,3355.665,,2025-07-14 00:00:00+00:00,2025-07-14 00:15:00+00:00,3.0599999999999454,3355.665,2025-07-14 00:30:00+00:00,3354.135,3357.195
2025-07-15 00:30:00+00:00,BUY,3357.445,3360.865,3359.1549999999997,,2025-07-15 00:00:00+00:00,2025-07-15 00:15:00+00:00,3.419999999999618,3359.1549999999997,2025-07-15 00:30:00+00:00,3357.445,3360.865
2025-07-16 00:30:00+00:00,SELL,3333.048,3334.865,3333.9565,,2025-07-16 00:00:00+00:00,2025-07-16 00:15:00+00:00,1.8170000000000073,3333.9565,2025-07-16 00:30:00+00:00,3333.048,3334.865
2025-07-17 00:30:00+00:00,BUY,3338.165,3341.548,3339.8565,,2025-07-17 00:00:00+00:00,2025-07-17 00:15:00+00:00,3.382999999999811,3339.8565,2025-07-17 00:30:00+00:00,3338.165,3341.548
2025-07-18 00:30:00+00:00,SELL,3334.298,3336.305,3335.3014999999996,,2025-07-18 00:00:00+00:00,2025-07-18 00:15:00+00:00,2.007000000000062,3335.3014999999996,2025-07-18 00:30:00+00:00,3334.298,3336.305
2025-07-21 00:30:00+00:00,BUY,3350.398,3352.035,3351.2165,,2025-07-21 00:00:00+00:00,2025-07-21 00:15:00+00:00,1.6369999999997162,3351.2165,2025-07-21 00:30:00+00:00,3350.398,3352.035
2025-07-22 00:30:00+00:00,BUY,3388.348,3392.235,3390.2915000000003,,2025-07-22 00:00:00+00:00,2025-07-22 00:15:00+00:00,3.887000000000171,3390.2915000000003,2025-07-22 00:30:00+00:00,3388.348,3392.235
2025-07-23 00:30:00+00:00,BUY,3421.868,3425.055,3423.4615,,2025-07-23 00:00:00+00:00,2025-07-23 00:15:00+00:00,3.186999999999898,3423.4615,2025-07-23 00:30:00+00:00,3421.868,3425.055
2025-07-24 00:30:00+00:00,SELL,3382.785,3385.135,3383.96,,2025-07-24 00:00:00+00:00,2025-07-24 00:15:00+00:00,2.350000000000364,3383.96,2025-07-24 00:30:00+00:00,3382.785,3385.135
2025-07-25 00:30:00+00:00,SELL,3359.248,3363.248,3361.248,,2025-07-25 00:00:00+00:00,2025-07-25 00:15:00+00:00,4.0,3361.248,2025-07-25 00:30:00+00:00,3359.248,3363.248
