datetime,direction,entry_low,entry_high,atr,ob_time,confirm_time,zone_width,entry_mid
2015-01-14 08:45:00+00:00,BUY,1232.28,1233.95,,2015-01-14 08:15:00+00:00,2015-01-14 08:30:00+00:00,1.6700000000000728,1233.115
2015-01-15 06:00:00+00:00,BUY,1234.79,1239.79,,2015-01-15 05:30:00+00:00,2015-01-15 05:45:00+00:00,5.0,1237.29
2015-01-27 01:15:00+00:00,BUY,1277.35,1278.43,,2015-01-27 00:45:00+00:00,2015-01-27 01:00:00+00:00,1.0800000000001546,1277.8899999999999
2015-01-29 19:00:00+00:00,BUY,1258.14,1258.93,,2015-01-29 18:30:00+00:00,2015-01-29 18:45:00+00:00,0.7899999999999636,1258.535
2015-02-24 19:30:00+00:00,SELL,1203.9,1205.6,,2015-02-24 19:00:00+00:00,2015-02-24 19:15:00+00:00,1.699999999999818,1204.75
2015-02-27 09:30:00+00:00,SELL,1208.3,1213.09,,2015-02-27 09:00:00+00:00,2015-02-27 09:15:00+00:00,4.789999999999964,1210.695
2015-03-02 02:15:00+00:00,BUY,1220.1,1221.32,,2015-03-02 01:45:00+00:00,2015-03-02 02:00:00+00:00,1.2200000000000273,1220.71
2015-03-04 03:00:00+00:00,SELL,1205.43,1206.16,,2015-03-04 02:30:00+00:00,2015-03-04 02:45:00+00:00,0.7300000000000182,1205.795
2015-03-05 10:45:00+00:00,SELL,1202.25,1206.09,,2015-03-05 10:15:00+00:00,2015-03-05 10:30:00+00:00,3.839999999999918,1204.17
2015-03-13 17:00:00+00:00,BUY,1155.95,1156.75,,2015-03-13 16:30:00+00:00,2015-03-13 16:45:00+00:00,0.7999999999999545,1156.35
2015-03-16 05:15:00+00:00,SELL,1159.37,1160.01,,2015-03-16 04:45:00+00:00,2015-03-16 05:00:00+00:00,0.6400000000001,1159.69
2015-03-18 14:15:00+00:00,SELL,1149.86,1153.2,,2015-03-18 13:45:00+00:00,2015-03-18 14:00:00+00:00,3.3400000000001455,1151.53
2015-03-24 13:00:00+00:00,BUY,1189.93,1190.74,,2015-03-24 12:30:00+00:00,2015-03-24 12:45:00+00:00,0.8099999999999454,1190.335
2015-03-31 20:15:00+00:00,BUY,1182.98,1183.6,,2015-03-31 19:45:00+00:00,2015-03-31 20:00:00+00:00,0.6199999999998909,1183.29
2015-04-01 05:00:00+00:00,SELL,1183.14,1184.61,,2015-04-01 04:30:00+00:00,2015-04-01 04:45:00+00:00,1.4699999999998,1183.875
2015-04-03 09:15:00+00:00,SELL,1209.93,1209.95,,2015-04-03 08:45:00+00:00,2015-04-03 09:00:00+00:00,0.01999999999998181,1209.94
2015-04-09 13:45:00+00:00,BUY,1193.12,1193.94,,2015-04-09 13:15:00+00:00,2015-04-09 13:30:00+00:00,0.8200000000001637,1193.53
2015-04-20 13:15:00+00:00,BUY,1194.38,1195.25,,2015-04-20 12:45:00+00:00,2015-04-20 13:00:00+00:00,0.8699999999998909,1194.815
2015-04-23 06:45:00+00:00,BUY,1188.22,1189.68,,2015-04-23 06:15:00+00:00,2015-04-23 06:30:00+00:00,1.4600000000000364,1188.95
2015-04-28 10:15:00+00:00,SELL,1203.68,1205.86,,2015-04-28 09:45:00+00:00,2015-04-28 10:00:00+00:00,2.1799999999998363,1204.77
2015-04-29 08:45:00+00:00,BUY,1208.0,1209.33,,2015-04-29 08:15:00+00:00,2015-04-29 08:30:00+00:00,1.3299999999999272,1208.665
2015-05-01 03:00:00+00:00,BUY,1181.7,1182.22,,2015-05-01 02:30:00+00:00,2015-05-01 02:45:00+00:00,0.5199999999999818,1181.96
2015-05-06 08:30:00+00:00,BUY,1188.62,1191.61,,2015-05-06 08:00:00+00:00,2015-05-06 08:15:00+00:00,2.990000000000009,1190.1149999999998
2015-05-08 14:15:00+00:00,SELL,1189.26,1189.83,,2015-05-08 13:45:00+00:00,2015-05-08 14:00:00+00:00,0.5699999999999363,1189.545
2015-05-11 17:15:00+00:00,BUY,1183.55,1183.85,,2015-05-11 16:45:00+00:00,2015-05-11 17:00:00+00:00,0.2999999999999545,1183.6999999999998
2015-05-12 09:30:00+00:00,SELL,1191.82,1195.33,,2015-05-12 09:00:00+00:00,2015-05-12 09:15:00+00:00,3.509999999999991,1193.5749999999998
2015-05-22 04:00:00+00:00,BUY,1210.57,1212.1,,2015-05-22 03:30:00+00:00,2015-05-22 03:45:00+00:00,1.5299999999999727,1211.335
2015-05-26 02:45:00+00:00,SELL,1198.8,1202.77,,2015-05-26 02:15:00+00:00,2015-05-26 02:30:00+00:00,3.9700000000000273,1200.7849999999999
2015-05-28 17:00:00+00:00,SELL,1188.41,1188.75,,2015-05-28 16:30:00+00:00,2015-05-28 16:45:00+00:00,0.33999999999991815,1188.58
2015-06-02 09:15:00+00:00,SELL,1187.96,1191.37,,2015-06-02 08:45:00+00:00,2015-06-02 09:00:00+00:00,3.4099999999998545,1189.665
2015-06-09 06:30:00+00:00,BUY,1179.73,1180.84,,2015-06-09 06:00:00+00:00,2015-06-09 06:15:00+00:00,1.1099999999999,1180.2849999999999
2015-06-10 06:15:00+00:00,BUY,1184.15,1186.33,,2015-06-10 05:45:00+00:00,2015-06-10 06:00:00+00:00,2.1799999999998363,1185.24
2015-06-11 00:30:00+00:00,BUY,1185.69,1186.45,,2015-06-11 00:00:00+00:00,2015-06-11 00:15:00+00:00,0.7599999999999909,1186.0700000000002
2015-06-12 03:45:00+00:00,SELL,1183.16,1184.31,,2015-06-12 03:15:00+00:00,2015-06-12 03:30:00+00:00,1.1499999999998636,1183.7350000000001
2015-06-16 17:15:00+00:00,BUY,1181.67,1182.17,,2015-06-16 16:45:00+00:00,2015-06-16 17:00:00+00:00,0.5,1181.92
2015-06-18 03:45:00+00:00,BUY,1188.05,1188.78,,2015-06-18 03:15:00+00:00,2015-06-18 03:30:00+00:00,0.7300000000000182,1188.415
2015-06-23 19:15:00+00:00,SELL,1178.15,1178.48,,2015-06-23 18:45:00+00:00,2015-06-23 19:00:00+00:00,0.32999999999992724,1178.315
2015-06-29 00:30:00+00:00,BUY,1181.59,1182.03,,2015-06-29 00:00:00+00:00,2015-06-29 00:15:00+00:00,0.44000000000005457,1181.81
2015-07-06 15:45:00+00:00,SELL,1168.77,1169.78,,2015-07-06 15:15:00+00:00,2015-07-06 15:30:00+00:00,1.009999999999991,1169.275
2015-07-08 18:15:00+00:00,SELL,1157.42,1158.11,,2015-07-08 16:45:00+00:00,2015-07-08 18:00:00+00:00,0.6899999999998272,1157.7649999999999
2015-07-09 16:45:00+00:00,SELL,1160.85,1161.2,,2015-07-09 16:15:00+00:00,2015-07-09 16:30:00+00:00,0.3500000000001364,1161.025
2015-07-14 08:45:00+00:00,BUY,1153.86,1155.71,,2015-07-14 08:15:00+00:00,2015-07-14 08:30:00+00:00,1.8500000000001364,1154.7849999999999
2015-07-21 13:30:00+00:00,SELL,1105.76,1107.29,,2015-07-21 13:00:00+00:00,2015-07-21 13:15:00+00:00,1.5299999999999727,1106.525
2015-07-27 17:15:00+00:00,SELL,1093.63,1094.67,,2015-07-27 16:45:00+00:00,2015-07-27 17:00:00+00:00,1.0399999999999636,1094.15
2015-07-31 08:45:00+00:00,BUY,1082.3,1084.32,,2015-07-31 08:15:00+00:00,2015-07-31 08:30:00+00:00,2.019999999999982,1083.31
2015-08-04 00:45:00+00:00,BUY,1083.57,1084.04,,2015-08-04 00:15:00+00:00,2015-08-04 00:30:00+00:00,0.4700000000000273,1083.8049999999998
2015-08-05 08:30:00+00:00,BUY,1088.08,1089.4,,2015-08-05 08:00:00+00:00,2015-08-05 08:15:00+00:00,1.3200000000001637,1088.74
2015-08-14 02:30:00+00:00,BUY,1113.88,1114.71,,2015-08-14 02:00:00+00:00,2015-08-14 02:15:00+00:00,0.8299999999999272,1114.295
2015-08-18 18:15:00+00:00,BUY,1117.13,1117.58,,2015-08-18 16:45:00+00:00,2015-08-18 18:00:00+00:00,0.4499999999998181,1117.355
2015-08-20 18:15:00+00:00,SELL,1151.84,1152.51,,2015-08-20 16:45:00+00:00,2015-08-20 18:00:00+00:00,0.6700000000000728,1152.175
2015-08-21 14:00:00+00:00,SELL,1159.4,1160.07,,2015-08-21 13:15:00+00:00,2015-08-21 13:45:00+00:00,0.6699999999998454,1159.7350000000001
2015-08-26 21:30:00+00:00,BUY,1123.7,1125.46,,2015-08-26 21:00:00+00:00,2015-08-26 21:15:00+00:00,1.759999999999991,1124.58
2015-09-07 18:15:00+00:00,BUY,1118.83,1119.65,,2015-09-07 12:45:00+00:00,2015-09-07 18:00:00+00:00,0.8200000000001637,1119.24
2015-09-08 18:15:00+00:00,BUY,1121.08,1121.52,,2015-09-08 16:45:00+00:00,2015-09-08 18:00:00+00:00,0.44000000000005457,1121.3
2015-09-10 12:30:00+00:00,SELL,1110.8,1111.42,,2015-09-10 12:00:00+00:00,2015-09-10 12:15:00+00:00,0.6200000000001182,1111.1100000000001
2015-09-21 19:15:00+00:00,SELL,1132.86,1133.07,,2015-09-21 18:45:00+00:00,2015-09-21 19:00:00+00:00,0.21000000000003638,1132.965
2015-09-23 18:15:00+00:00,BUY,1129.68,1130.2,,2015-09-23 16:45:00+00:00,2015-09-23 18:00:00+00:00,0.5199999999999818,1129.94
2015-09-24 18:15:00+00:00,SELL,1153.61,1154.22,,2015-09-24 16:45:00+00:00,2015-09-24 18:00:00+00:00,0.6100000000001273,1153.915
2015-09-30 18:15:00+00:00,BUY,1113.97,1114.94,,2015-09-30 16:45:00+00:00,2015-09-30 18:00:00+00:00,0.9700000000000273,1114.455
2015-10-14 08:45:00+00:00,BUY,1163.42,1166.13,,2015-10-14 08:15:00+00:00,2015-10-14 08:30:00+00:00,2.7100000000000364,1164.775
2015-10-15 18:15:00+00:00,SELL,1182.53,1183.13,,2015-10-15 16:45:00+00:00,2015-10-15 18:00:00+00:00,0.6000000000001364,1182.83
2015-10-20 00:45:00+00:00,BUY,1168.58,1168.83,,2015-10-20 00:15:00+00:00,2015-10-20 00:30:00+00:00,0.25,1168.705
2015-10-29 18:15:00+00:00,BUY,1145.58,1146.26,,2015-10-29 16:45:00+00:00,2015-10-29 18:00:00+00:00,0.6800000000000637,1145.92
2015-11-05 17:15:00+00:00,BUY,1103.6,1104.13,,2015-11-05 16:45:00+00:00,2015-11-05 17:00:00+00:00,0.5300000000002001,1103.865
2015-11-06 16:00:00+00:00,SELL,1088.65,1089.34,,2015-11-06 15:30:00+00:00,2015-11-06 15:45:00+00:00,0.6899999999998272,1088.995
2015-11-13 16:45:00+00:00,BUY,1081.95,1082.86,,2015-11-13 16:15:00+00:00,2015-11-13 16:30:00+00:00,0.9099999999998545,1082.405
2015-11-16 18:15:00+00:00,BUY,1082.57,1082.9,,2015-11-16 16:45:00+00:00,2015-11-16 18:00:00+00:00,0.3300000000001546,1082.7350000000001
2015-11-17 08:45:00+00:00,SELL,1081.1,1083.26,,2015-11-17 08:15:00+00:00,2015-11-17 08:30:00+00:00,2.160000000000082,1082.1799999999998
2015-11-20 15:30:00+00:00,BUY,1076.49,1077.13,,2015-11-20 15:00:00+00:00,2015-11-20 15:15:00+00:00,0.6400000000001,1076.81
2015-11-25 11:00:00+00:00,BUY,1068.97,1070.93,,2015-11-25 10:30:00+00:00,2015-11-25 10:45:00+00:00,1.9600000000000364,1069.95
2015-11-26 13:15:00+00:00,BUY,1071.33,1072.0,,2015-11-26 12:45:00+00:00,2015-11-26 13:00:00+00:00,0.6700000000000728,1071.665
2015-11-30 08:30:00+00:00,BUY,1056.57,1058.91,,2015-11-30 08:00:00+00:00,2015-11-30 08:15:00+00:00,2.3400000000001455,1057.74
2015-12-03 18:15:00+00:00,SELL,1061.55,1062.88,,2015-12-03 16:45:00+00:00,2015-12-03 18:00:00+00:00,1.3300000000001546,1062.2150000000001
2015-12-07 03:15:00+00:00,SELL,1084.49,1085.65,,2015-12-07 02:45:00+00:00,2015-12-07 03:00:00+00:00,1.1600000000000819,1085.0700000000002
2015-12-09 22:00:00+00:00,BUY,1073.66,1074.74,,2015-12-09 21:30:00+00:00,2015-12-09 21:45:00+00:00,1.0799999999999272,1074.2
2015-12-17 14:15:00+00:00,BUY,1050.4,1051.66,,2015-12-17 13:45:00+00:00,2015-12-17 14:00:00+00:00,1.259999999999991,1051.0300000000002
2015-12-24 14:00:00+00:00,SELL,1075.0,1076.29,,2015-12-24 13:30:00+00:00,2015-12-24 13:45:00+00:00,1.2899999999999636,1075.645
2015-12-28 02:30:00+00:00,SELL,1073.07,1073.59,,2015-12-28 02:00:00+00:00,2015-12-28 02:15:00+00:00,0.5199999999999818,1073.33
2016-01-04 18:15:00+00:00,SELL,1074.13,1074.74,,2016-01-04 16:45:00+00:00,2016-01-04 18:00:00+00:00,0.6099999999999,1074.435
2016-01-11 18:15:00+00:00,BUY,1094.02,1094.4,,2016-01-11 16:45:00+00:00,2016-01-11 18:00:00+00:00,0.38000000000010914,1094.21
2016-01-14 18:15:00+00:00,BUY,1077.18,1078.1,,2016-01-14 16:45:00+00:00,2016-01-14 18:00:00+00:00,0.9199999999998454,1077.6399999999999
2016-01-15 08:45:00+00:00,BUY,1087.7,1089.56,,2016-01-15 08:15:00+00:00,2016-01-15 08:30:00+00:00,1.8599999999999,1088.63
2016-01-19 18:15:00+00:00,BUY,1086.83,1087.5,,2016-01-19 16:45:00+00:00,2016-01-19 18:00:00+00:00,0.6700000000000728,1087.165
2016-01-25 18:15:00+00:00,SELL,1107.45,1107.94,,2016-01-25 16:45:00+00:00,2016-01-25 18:00:00+00:00,0.4900000000000091,1107.6950000000002
2016-02-03 10:15:00+00:00,SELL,1129.29,1132.07,,2016-02-03 09:45:00+00:00,2016-02-03 10:00:00+00:00,2.7799999999999727,1130.6799999999998
2016-02-09 07:45:00+00:00,BUY,1191.5,1192.8,,2016-02-09 07:15:00+00:00,2016-02-09 07:30:00+00:00,1.2999999999999545,1192.15
2016-02-12 08:45:00+00:00,SELL,1239.06,1242.22,,2016-02-12 08:15:00+00:00,2016-02-12 08:30:00+00:00,3.160000000000082,1240.6399999999999
2016-02-16 18:15:00+00:00,BUY,1199.29,1200.35,,2016-02-16 16:45:00+00:00,2016-02-16 18:00:00+00:00,1.0599999999999454,1199.82
2016-02-18 16:45:00+00:00,SELL,1232.89,1234.73,,2016-02-18 16:15:00+00:00,2016-02-18 16:30:00+00:00,1.8399999999999181,1233.81
2016-02-24 18:15:00+00:00,SELL,1228.76,1229.65,,2016-02-24 16:45:00+00:00,2016-02-24 18:00:00+00:00,0.8900000000001,1229.205
2016-03-02 16:45:00+00:00,SELL,1240.13,1240.63,,2016-03-02 16:15:00+00:00,2016-03-02 16:30:00+00:00,0.5,1240.38
2016-03-07 18:15:00+00:00,SELL,1267.02,1267.64,,2016-03-07 16:45:00+00:00,2016-03-07 18:00:00+00:00,0.6200000000001182,1267.33
2016-03-09 07:00:00+00:00,SELL,1252.3,1253.95,,2016-03-09 06:30:00+00:00,2016-03-09 06:45:00+00:00,1.650000000000091,1253.125
2016-03-10 18:15:00+00:00,SELL,1270.82,1272.63,,2016-03-10 16:45:00+00:00,2016-03-10 18:00:00+00:00,1.8100000000001728,1271.725
2016-03-16 14:15:00+00:00,SELL,1229.04,1230.93,,2016-03-16 13:45:00+00:00,2016-03-16 14:00:00+00:00,1.8900000000001,1229.9850000000001
2016-03-28 17:00:00+00:00,BUY,1220.01,1220.82,,2016-03-28 16:30:00+00:00,2016-03-28 16:45:00+00:00,0.8099999999999454,1220.415
2016-03-30 18:15:00+00:00,BUY,1223.8,1225.06,,2016-03-30 16:45:00+00:00,2016-03-30 18:00:00+00:00,1.259999999999991,1224.4299999999998
2016-03-31 18:15:00+00:00,SELL,1232.31,1232.77,,2016-03-31 16:45:00+00:00,2016-03-31 18:00:00+00:00,0.4600000000000364,1232.54
2016-04-06 18:15:00+00:00,BUY,1221.95,1222.44,,2016-04-06 16:45:00+00:00,2016-04-06 18:00:00+00:00,0.4900000000000091,1222.1950000000002
2016-04-07 18:15:00+00:00,SELL,1240.27,1240.75,,2016-04-07 16:45:00+00:00,2016-04-07 18:00:00+00:00,0.4800000000000182,1240.51
2016-04-11 20:45:00+00:00,SELL,1255.86,1257.91,,2016-04-11 20:15:00+00:00,2016-04-11 20:30:00+00:00,2.050000000000182,1256.885
2016-05-03 18:15:00+00:00,BUY,1285.89,1286.74,,2016-05-03 16:45:00+00:00,2016-05-03 18:00:00+00:00,0.849999999999909,1286.315
2016-05-04 10:15:00+00:00,SELL,1285.17,1288.74,,2016-05-04 09:45:00+00:00,2016-05-04 10:00:00+00:00,3.5699999999999363,1286.955
2016-05-13 08:45:00+00:00,SELL,1268.75,1273.73,,2016-05-13 08:15:00+00:00,2016-05-13 08:30:00+00:00,4.980000000000018,1271.24
2016-05-31 18:15:00+00:00,SELL,1214.95,1215.55,,2016-05-31 16:45:00+00:00,2016-05-31 18:00:00+00:00,0.599999999999909,1215.25
2016-06-14 18:15:00+00:00,SELL,1285.51,1286.14,,2016-06-14 16:45:00+00:00,2016-06-14 18:00:00+00:00,0.6300000000001091,1285.825
2016-06-15 18:15:00+00:00,SELL,1291.05,1292.05,,2016-06-15 16:45:00+00:00,2016-06-15 18:00:00+00:00,1.0,1291.55
2016-06-23 01:30:00+00:00,SELL,1262.47,1263.23,,2016-06-23 01:00:00+00:00,2016-06-23 01:15:00+00:00,0.7599999999999909,1262.85
2016-07-15 08:45:00+00:00,SELL,1333.63,1336.11,,2016-07-15 08:15:00+00:00,2016-07-15 08:30:00+00:00,2.479999999999791,1334.87
2016-07-26 18:15:00+00:00,SELL,1320.06,1320.25,,2016-07-26 16:45:00+00:00,2016-07-26 18:00:00+00:00,0.19000000000005457,1320.155
2016-08-01 18:15:00+00:00,SELL,1351.77,1352.6,,2016-08-01 16:45:00+00:00,2016-08-01 18:00:00+00:00,0.8299999999999272,1352.185
2016-08-05 08:45:00+00:00,SELL,1356.46,1361.46,,2016-08-05 08:15:00+00:00,2016-08-05 08:30:00+00:00,5.0,1358.96
2016-08-10 18:15:00+00:00,BUY,1345.7,1345.99,,2016-08-10 16:45:00+00:00,2016-08-10 18:00:00+00:00,0.2899999999999636,1345.845
2016-08-12 16:45:00+00:00,BUY,1334.94,1336.58,,2016-08-12 16:15:00+00:00,2016-08-12 16:30:00+00:00,1.6399999999998727,1335.76
2016-08-15 01:45:00+00:00,BUY,1337.96,1338.5,,2016-08-15 01:15:00+00:00,2016-08-15 01:30:00+00:00,0.5399999999999636,1338.23
2016-08-16 17:15:00+00:00,SELL,1345.84,1346.67,,2016-08-16 16:45:00+00:00,2016-08-16 17:00:00+00:00,0.8300000000001546,1346.255
2016-08-25 16:45:00+00:00,SELL,1322.09,1322.37,,2016-08-25 16:15:00+00:00,2016-08-25 16:30:00+00:00,0.2799999999999727,1322.23
2016-09-01 10:15:00+00:00,SELL,1305.75,1307.48,,2016-09-01 09:45:00+00:00,2016-09-01 10:00:00+00:00,1.7300000000000182,1306.615
2016-09-06 10:15:00+00:00,SELL,1333.6,1334.49,,2016-09-06 09:45:00+00:00,2016-09-06 10:00:00+00:00,0.8900000000001,1334.045
2016-09-13 16:45:00+00:00,BUY,1318.01,1318.57,,2016-09-13 16:15:00+00:00,2016-09-13 16:30:00+00:00,0.5599999999999454,1318.29
2016-09-14 16:45:00+00:00,SELL,1322.36,1322.7,,2016-09-14 16:15:00+00:00,2016-09-14 16:30:00+00:00,0.3400000000001455,1322.53
2016-09-20 16:45:00+00:00,SELL,1314.53,1314.78,,2016-09-20 16:15:00+00:00,2016-09-20 16:30:00+00:00,0.25,1314.655
2016-09-21 08:15:00+00:00,BUY,1322.5,1323.9,,2016-09-21 07:45:00+00:00,2016-09-21 08:00:00+00:00,1.400000000000091,1323.2
2016-09-26 16:45:00+00:00,BUY,1337.15,1337.6,,2016-09-26 16:15:00+00:00,2016-09-26 16:30:00+00:00,0.4499999999998181,1337.375
2016-09-27 16:45:00+00:00,BUY,1327.17,1327.48,,2016-09-27 16:15:00+00:00,2016-09-27 16:30:00+00:00,0.30999999999994543,1327.325
2016-09-29 18:15:00+00:00,BUY,1319.93,1320.45,,2016-09-29 16:45:00+00:00,2016-09-29 18:00:00+00:00,0.5199999999999818,1320.19
2016-10-03 16:45:00+00:00,BUY,1312.44,1313.23,,2016-10-03 16:15:00+00:00,2016-10-03 16:30:00+00:00,0.7899999999999636,1312.835
2016-10-13 18:15:00+00:00,BUY,1257.32,1257.42,,2016-10-13 16:45:00+00:00,2016-10-13 18:00:00+00:00,0.10000000000013642,1257.37
2016-10-24 16:45:00+00:00,BUY,1263.92,1264.16,,2016-10-24 16:15:00+00:00,2016-10-24 16:30:00+00:00,0.2400000000000091,1264.04
2016-10-31 16:45:00+00:00,SELL,1277.78,1278.05,,2016-10-31 16:15:00+00:00,2016-10-31 16:30:00+00:00,0.2699999999999818,1277.915
2016-11-07 18:15:00+00:00,BUY,1281.01,1281.66,,2016-11-07 16:45:00+00:00,2016-11-07 18:00:00+00:00,0.650000000000091,1281.335
2016-11-08 18:15:00+00:00,BUY,1274.92,1276.03,,2016-11-08 16:45:00+00:00,2016-11-08 18:00:00+00:00,1.1099999999999,1275.475
2016-11-18 16:45:00+00:00,BUY,1208.06,1208.46,,2016-11-18 16:15:00+00:00,2016-11-18 16:30:00+00:00,0.40000000000009095,1208.26
2016-11-22 18:15:00+00:00,BUY,1211.5,1212.13,,2016-11-22 16:45:00+00:00,2016-11-22 18:00:00+00:00,0.6300000000001091,1211.815
2016-11-24 18:15:00+00:00,BUY,1183.4,1184.15,,2016-11-24 13:00:00+00:00,2016-11-24 18:00:00+00:00,0.75,1183.775
2016-11-30 18:15:00+00:00,BUY,1172.27,1173.14,,2016-11-30 16:45:00+00:00,2016-11-30 18:00:00+00:00,0.8700000000001182,1172.705
2016-12-01 18:15:00+00:00,BUY,1170.76,1171.35,,2016-12-01 16:45:00+00:00,2016-12-01 18:00:00+00:00,0.5899999999999181,1171.0549999999998
2016-12-05 16:45:00+00:00,SELL,1169.95,1170.42,,2016-12-05 16:15:00+00:00,2016-12-05 16:30:00+00:00,0.4700000000000273,1170.185
2016-12-06 16:45:00+00:00,BUY,1169.34,1169.74,,2016-12-06 16:15:00+00:00,2016-12-06 16:30:00+00:00,0.40000000000009095,1169.54
2016-12-07 18:15:00+00:00,BUY,1173.24,1173.75,,2016-12-07 16:45:00+00:00,2016-12-07 18:00:00+00:00,0.5099999999999909,1173.495
2016-12-08 16:45:00+00:00,SELL,1170.33,1171.06,,2016-12-08 16:15:00+00:00,2016-12-08 16:30:00+00:00,0.7300000000000182,1170.695
2016-12-13 16:45:00+00:00,SELL,1158.53,1159.11,,2016-12-13 16:15:00+00:00,2016-12-13 16:30:00+00:00,0.5799999999999272,1158.82
2016-12-20 18:15:00+00:00,BUY,1131.3,1131.79,,2016-12-20 16:45:00+00:00,2016-12-20 18:00:00+00:00,0.4900000000000091,1131.545
2016-12-22 16:45:00+00:00,SELL,1128.78,1129.11,,2016-12-22 16:15:00+00:00,2016-12-22 16:30:00+00:00,0.32999999999992724,1128.945
2017-01-03 16:45:00+00:00,SELL,1158.5,1159.55,,2017-01-03 16:15:00+00:00,2017-01-03 16:30:00+00:00,1.0499999999999545,1159.025
2017-01-09 18:15:00+00:00,SELL,1180.86,1181.24,,2017-01-09 16:45:00+00:00,2017-01-09 18:00:00+00:00,0.38000000000010914,1181.05
2017-01-12 18:15:00+00:00,SELL,1194.93,1195.82,,2017-01-12 16:45:00+00:00,2017-01-12 18:00:00+00:00,0.8899999999998727,1195.375
2017-01-13 17:00:00+00:00,SELL,1197.55,1197.78,,2017-01-13 16:30:00+00:00,2017-01-13 16:45:00+00:00,0.2300000000000182,1197.665
2017-01-18 16:45:00+00:00,BUY,1204.14,1204.89,,2017-01-18 16:15:00+00:00,2017-01-18 16:30:00+00:00,0.75,1204.515
2017-01-30 16:45:00+00:00,SELL,1195.07,1195.37,,2017-01-30 16:15:00+00:00,2017-01-30 16:30:00+00:00,0.2999999999999545,1195.2199999999998
2017-02-01 08:30:00+00:00,SELL,1209.94,1210.91,,2017-02-01 08:00:00+00:00,2017-02-01 08:15:00+00:00,0.9700000000000273,1210.4250000000002
2017-02-02 18:15:00+00:00,SELL,1215.26,1215.61,,2017-02-02 16:45:00+00:00,2017-02-02 18:00:00+00:00,0.34999999999990905,1215.435
2017-02-06 18:15:00+00:00,SELL,1234.79,1235.14,,2017-02-06 16:45:00+00:00,2017-02-06 18:00:00+00:00,0.3500000000001364,1234.9650000000001
2017-02-13 16:45:00+00:00,SELL,1225.57,1225.89,,2017-02-13 16:15:00+00:00,2017-02-13 16:30:00+00:00,0.3200000000001637,1225.73
2017-02-16 16:45:00+00:00,SELL,1238.97,1239.59,,2017-02-16 16:15:00+00:00,2017-02-16 16:30:00+00:00,0.6199999999998909,1239.28
2017-02-21 16:45:00+00:00,SELL,1235.75,1235.99,,2017-02-21 16:15:00+00:00,2017-02-21 16:30:00+00:00,0.2400000000000091,1235.87
2017-02-22 16:45:00+00:00,SELL,1238.01,1238.46,,2017-02-22 16:15:00+00:00,2017-02-22 16:30:00+00:00,0.4500000000000455,1238.2350000000001
2017-02-24 16:15:00+00:00,SELL,1256.6,1257.74,,2017-02-24 15:45:00+00:00,2017-02-24 16:00:00+00:00,1.1400000000001,1257.17
2017-03-01 16:45:00+00:00,SELL,1248.95,1249.29,,2017-03-01 16:15:00+00:00,2017-03-01 16:30:00+00:00,0.33999999999991815,1249.12
2017-03-13 16:45:00+00:00,SELL,1203.79,1204.12,,2017-03-13 16:15:00+00:00,2017-03-13 16:30:00+00:00,0.32999999999992724,1203.955
2017-03-14 02:15:00+00:00,SELL,1203.14,1203.5,,2017-03-14 01:45:00+00:00,2017-03-14 02:00:00+00:00,0.35999999999989996,1203.3200000000002
2017-03-15 08:45:00+00:00,SELL,1199.99,1202.64,,2017-03-15 08:15:00+00:00,2017-03-15 08:30:00+00:00,2.650000000000091,1201.315
2017-03-16 16:45:00+00:00,SELL,1226.32,1226.79,,2017-03-16 16:15:00+00:00,2017-03-16 16:30:00+00:00,0.4700000000000273,1226.5549999999998
2017-04-03 18:15:00+00:00,SELL,1252.46,1253.34,,2017-04-03 16:45:00+00:00,2017-04-03 18:00:00+00:00,0.8799999999998818,1252.9
2017-04-05 08:30:00+00:00,SELL,1252.24,1253.15,,2017-04-05 08:00:00+00:00,2017-04-05 08:15:00+00:00,0.9100000000000819,1252.6950000000002
2017-04-06 22:15:00+00:00,SELL,1259.53,1264.34,,2017-04-06 21:45:00+00:00,2017-04-06 22:00:00+00:00,4.809999999999945,1261.935
2017-04-24 16:45:00+00:00,SELL,1275.34,1275.93,,2017-04-24 16:15:00+00:00,2017-04-24 16:30:00+00:00,0.5900000000001455,1275.635
2017-04-25 16:45:00+00:00,BUY,1263.04,1263.58,,2017-04-25 16:15:00+00:00,2017-04-25 16:30:00+00:00,0.5399999999999636,1263.31
2017-04-26 16:45:00+00:00,SELL,1268.73,1269.58,,2017-04-26 16:15:00+00:00,2017-04-26 16:30:00+00:00,0.849999999999909,1269.155
2017-05-01 10:15:00+00:00,SELL,1263.74,1264.86,,2017-05-01 09:45:00+00:00,2017-05-01 10:00:00+00:00,1.1199999999998909,1264.3
2017-05-02 16:45:00+00:00,SELL,1256.71,1256.93,,2017-05-02 16:15:00+00:00,2017-05-02 16:30:00+00:00,0.22000000000002728,1256.8200000000002
2017-05-08 16:45:00+00:00,BUY,1226.6,1226.94,,2017-05-08 16:15:00+00:00,2017-05-08 16:30:00+00:00,0.3400000000001455,1226.77
2017-05-11 18:15:00+00:00,SELL,1224.1,1224.57,,2017-05-11 16:45:00+00:00,2017-05-11 18:00:00+00:00,0.4700000000000273,1224.335
2017-05-15 18:15:00+00:00,BUY,1229.88,1230.29,,2017-05-15 16:45:00+00:00,2017-05-15 18:00:00+00:00,0.4099999999998545,1230.085
2017-05-22 16:45:00+00:00,SELL,1260.16,1260.51,,2017-05-22 16:15:00+00:00,2017-05-22 16:30:00+00:00,0.34999999999990905,1260.335
2017-05-24 03:15:00+00:00,BUY,1249.07,1249.82,,2017-05-24 02:45:00+00:00,2017-05-24 03:00:00+00:00,0.75,1249.445
2017-05-25 16:45:00+00:00,SELL,1255.29,1255.81,,2017-05-25 16:15:00+00:00,2017-05-25 16:30:00+00:00,0.5199999999999818,1255.55
2017-05-26 16:15:00+00:00,SELL,1267.15,1267.82,,2017-05-26 15:45:00+00:00,2017-05-26 16:00:00+00:00,0.6699999999998454,1267.4850000000001
2017-05-31 17:15:00+00:00,SELL,1268.29,1268.7,,2017-05-31 16:45:00+00:00,2017-05-31 17:00:00+00:00,0.41000000000008185,1268.495
2017-06-01 08:30:00+00:00,SELL,1266.2,1267.68,,2017-06-01 08:00:00+00:00,2017-06-01 08:15:00+00:00,1.4800000000000182,1266.94
2017-06-05 16:45:00+00:00,BUY,1278.98,1279.43,,2017-06-05 16:15:00+00:00,2017-06-05 16:30:00+00:00,0.4500000000000455,1279.205
2017-06-07 22:00:00+00:00,BUY,1284.72,1285.14,,2017-06-07 20:45:00+00:00,2017-06-07 21:45:00+00:00,0.42000000000007276,1284.93
2017-06-13 18:15:00+00:00,BUY,1265.77,1266.21,,2017-06-13 16:45:00+00:00,2017-06-13 18:00:00+00:00,0.44000000000005457,1265.99
2017-06-14 08:45:00+00:00,BUY,1264.76,1265.95,,2017-06-14 08:15:00+00:00,2017-06-14 08:30:00+00:00,1.1900000000000546,1265.355
2017-06-15 01:15:00+00:00,SELL,1264.29,1264.78,,2017-06-15 00:45:00+00:00,2017-06-15 01:00:00+00:00,0.4900000000000091,1264.5349999999999
2017-06-27 17:00:00+00:00,SELL,1247.94,1248.49,,2017-06-27 16:30:00+00:00,2017-06-27 16:45:00+00:00,0.5499999999999545,1248.2150000000001
2017-07-03 18:15:00+00:00,BUY,1218.55,1220.28,,2017-07-03 16:45:00+00:00,2017-07-03 18:00:00+00:00,1.7300000000000182,1219.415
2017-07-04 13:30:00+00:00,SELL,1223.34,1223.35,,2017-07-04 13:00:00+00:00,2017-07-04 13:15:00+00:00,0.009999999999990905,1223.3449999999998
2017-07-11 17:15:00+00:00,SELL,1216.17,1217.35,,2017-07-11 16:45:00+00:00,2017-07-11 17:00:00+00:00,1.1799999999998363,1216.76
2017-07-12 18:15:00+00:00,SELL,1219.65,1220.35,,2017-07-12 16:45:00+00:00,2017-07-12 18:00:00+00:00,0.6999999999998181,1220.0
2017-08-14 19:45:00+00:00,SELL,1280.82,1281.19,,2017-08-14 19:15:00+00:00,2017-08-14 19:30:00+00:00,0.37000000000011823,1281.005
2017-08-16 18:15:00+00:00,SELL,1282.05,1283.19,,2017-08-16 16:45:00+00:00,2017-08-16 18:00:00+00:00,1.1400000000001,1282.62
2017-09-08 01:15:00+00:00,BUY,1352.76,1353.75,,2017-09-08 00:45:00+00:00,2017-09-08 01:00:00+00:00,0.9900000000000091,1353.255
2017-09-18 18:15:00+00:00,BUY,1307.05,1307.25,,2017-09-18 17:00:00+00:00,2017-09-18 18:00:00+00:00,0.20000000000004547,1307.15
2017-09-27 18:15:00+00:00,BUY,1281.39,1282.62,,2017-09-27 16:45:00+00:00,2017-09-27 18:00:00+00:00,1.2299999999997908,1282.005
2017-10-04 10:15:00+00:00,BUY,1274.42,1275.65,,2017-10-04 09:45:00+00:00,2017-10-04 10:00:00+00:00,1.2300000000000182,1275.035
2017-10-18 18:15:00+00:00,BUY,1280.36,1280.89,,2017-10-18 16:45:00+00:00,2017-10-18 18:00:00+00:00,0.5300000000002001,1280.625
2017-11-01 08:30:00+00:00,SELL,1276.24,1277.28,,2017-11-01 08:00:00+00:00,2017-11-01 08:15:00+00:00,1.0399999999999636,1276.76
2017-11-07 17:00:00+00:00,BUY,1275.91,1276.26,,2017-11-07 16:30:00+00:00,2017-11-07 16:45:00+00:00,0.34999999999990905,1276.085
2017-11-20 18:15:00+00:00,BUY,1276.3,1276.99,,2017-11-20 16:45:00+00:00,2017-11-20 18:00:00+00:00,0.6900000000000546,1276.645
2017-12-06 17:15:00+00:00,BUY,1262.85,1263.77,,2017-12-06 16:45:00+00:00,2017-12-06 17:00:00+00:00,0.9200000000000728,1263.31
2017-12-13 18:15:00+00:00,SELL,1255.12,1255.56,,2017-12-13 16:45:00+00:00,2017-12-13 18:00:00+00:00,0.44000000000005457,1255.34
2017-12-14 08:45:00+00:00,SELL,1256.36,1257.69,,2017-12-14 08:15:00+00:00,2017-12-14 08:30:00+00:00,1.3300000000001546,1257.025
2017-12-27 23:30:00+00:00,SELL,1289.38,1289.64,,2017-12-27 23:00:00+00:00,2017-12-27 23:15:00+00:00,0.2599999999999909,1289.5100000000002
2018-01-12 08:45:00+00:00,SELL,1331.05,1332.71,,2018-01-12 08:15:00+00:00,2018-01-12 08:30:00+00:00,1.6600000000000819,1331.88
2018-02-05 12:15:00+00:00,BUY,1334.23,1335.61,,2018-02-05 11:45:00+00:00,2018-02-05 12:00:00+00:00,1.3799999999998818,1334.92
2018-02-06 18:15:00+00:00,BUY,1323.93,1324.19,,2018-02-06 17:00:00+00:00,2018-02-06 18:00:00+00:00,0.2599999999999909,1324.06
2018-02-12 17:15:00+00:00,SELL,1322.33,1322.9,,2018-02-12 16:45:00+00:00,2018-02-12 17:00:00+00:00,0.5700000000001637,1322.615
2018-03-08 17:15:00+00:00,BUY,1321.67,1322.41,,2018-03-08 16:45:00+00:00,2018-03-08 17:00:00+00:00,0.7400000000000091,1322.04
2018-03-14 18:15:00+00:00,SELL,1324.46,1325.02,,2018-03-14 16:45:00+00:00,2018-03-14 18:00:00+00:00,0.5599999999999454,1324.74
2018-03-28 02:30:00+00:00,SELL,1341.72,1342.72,,2018-03-28 02:00:00+00:00,2018-03-28 02:15:00+00:00,1.0,1342.22
2018-04-04 14:15:00+00:00,SELL,1336.04,1336.73,,2018-04-04 13:45:00+00:00,2018-04-04 14:00:00+00:00,0.6900000000000546,1336.385
2018-04-05 17:15:00+00:00,SELL,1326.14,1326.74,,2018-04-05 16:45:00+00:00,2018-04-05 17:00:00+00:00,0.599999999999909,1326.44
2018-04-11 20:45:00+00:00,SELL,1352.12,1353.09,,2018-04-11 20:15:00+00:00,2018-04-11 20:30:00+00:00,0.9700000000000273,1352.605
2018-04-12 17:15:00+00:00,BUY,1334.58,1335.1,,2018-04-12 16:45:00+00:00,2018-04-12 17:00:00+00:00,0.5199999999999818,1334.84
2018-04-24 16:15:00+00:00,SELL,1331.43,1332.09,,2018-04-24 15:45:00+00:00,2018-04-24 16:00:00+00:00,0.6599999999998545,1331.76
2018-04-25 15:45:00+00:00,BUY,1322.16,1322.54,,2018-04-25 15:15:00+00:00,2018-04-25 15:30:00+00:00,0.37999999999988177,1322.35
2018-04-30 02:15:00+00:00,SELL,1321.8,1322.22,,2018-04-30 01:45:00+00:00,2018-04-30 02:00:00+00:00,0.42000000000007276,1322.01
2018-05-28 09:15:00+00:00,SELL,1297.92,1298.9,,2018-05-28 08:45:00+00:00,2018-05-28 09:00:00+00:00,0.9800000000000182,1298.41
2018-05-29 18:15:00+00:00,BUY,1298.2,1298.55,,2018-05-29 17:00:00+00:00,2018-05-29 18:00:00+00:00,0.34999999999990905,1298.375
2018-06-04 01:00:00+00:00,SELL,1292.68,1293.31,,2018-06-04 00:30:00+00:00,2018-06-04 00:45:00+00:00,0.6299999999998818,1292.995
2018-06-05 16:15:00+00:00,SELL,1296.69,1297.26,,2018-06-05 15:45:00+00:00,2018-06-05 16:00:00+00:00,0.5699999999999363,1296.975
2018-06-19 07:30:00+00:00,SELL,1276.02,1279.14,,2018-06-19 07:00:00+00:00,2018-06-19 07:15:00+00:00,3.1200000000001182,1277.58
2018-06-27 17:15:00+00:00,BUY,1251.62,1252.2,,2018-06-27 16:45:00+00:00,2018-06-27 17:00:00+00:00,0.5800000000001546,1251.9099999999999
2018-07-11 17:15:00+00:00,BUY,1241.51,1242.23,,2018-07-11 16:45:00+00:00,2018-07-11 17:00:00+00:00,0.7200000000000273,1241.87
2018-07-18 01:30:00+00:00,SELL,1226.46,1227.38,,2018-07-18 01:00:00+00:00,2018-07-18 01:15:00+00:00,0.9200000000000728,1226.92
2018-07-20 08:00:00+00:00,BUY,1223.15,1223.75,,2018-07-20 07:30:00+00:00,2018-07-20 07:45:00+00:00,0.599999999999909,1223.45
2018-07-23 18:45:00+00:00,BUY,1224.25,1224.7,,2018-07-23 18:15:00+00:00,2018-07-23 18:30:00+00:00,0.4500000000000455,1224.475
2018-07-26 18:15:00+00:00,BUY,1222.11,1222.5,,2018-07-26 17:00:00+00:00,2018-07-26 18:00:00+00:00,0.39000000000010004,1222.3049999999998
2018-07-31 08:00:00+00:00,SELL,1220.18,1220.81,,2018-07-31 07:30:00+00:00,2018-07-31 07:45:00+00:00,0.6299999999998818,1220.495
2018-08-03 07:30:00+00:00,BUY,1208.62,1210.13,,2018-08-03 07:00:00+00:00,2018-08-03 07:15:00+00:00,1.5100000000002183,1209.375
2018-08-07 05:15:00+00:00,BUY,1212.83,1213.7,,2018-08-07 04:45:00+00:00,2018-08-07 05:00:00+00:00,0.8700000000001182,1213.2649999999999
2018-08-13 18:15:00+00:00,BUY,1192.95,1193.33,,2018-08-13 17:00:00+00:00,2018-08-13 18:00:00+00:00,0.37999999999988177,1193.1399999999999
2018-08-15 18:15:00+00:00,BUY,1174.65,1174.68,,2018-08-15 17:00:00+00:00,2018-08-15 18:00:00+00:00,0.029999999999972715,1174.665
2018-08-22 16:30:00+00:00,SELL,1196.15,1196.88,,2018-08-22 16:00:00+00:00,2018-08-22 16:15:00+00:00,0.7300000000000182,1196.515
2018-08-30 18:15:00+00:00,BUY,1199.58,1199.9,,2018-08-30 16:45:00+00:00,2018-08-30 18:00:00+00:00,0.3200000000001637,1199.74
2018-09-12 17:15:00+00:00,SELL,1205.73,1206.24,,2018-09-12 16:45:00+00:00,2018-09-12 17:00:00+00:00,0.5099999999999909,1205.9850000000001
2018-09-13 16:00:00+00:00,BUY,1200.17,1200.97,,2018-09-13 15:30:00+00:00,2018-09-13 15:45:00+00:00,0.7999999999999545,1200.5700000000002
2018-09-19 15:00:00+00:00,BUY,1203.07,1203.42,,2018-09-19 14:30:00+00:00,2018-09-19 14:45:00+00:00,0.3500000000001364,1203.245
2018-09-21 06:45:00+00:00,SELL,1205.94,1206.66,,2018-09-21 06:15:00+00:00,2018-09-21 06:30:00+00:00,0.7200000000000273,1206.3000000000002
2018-09-24 07:30:00+00:00,BUY,1198.44,1199.43,,2018-09-24 07:00:00+00:00,2018-09-24 07:15:00+00:00,0.9900000000000091,1198.935
2018-09-26 13:00:00+00:00,BUY,1193.89,1194.71,,2018-09-26 12:30:00+00:00,2018-09-26 12:45:00+00:00,0.8199999999999363,1194.3000000000002
2018-10-02 17:15:00+00:00,SELL,1202.64,1203.15,,2018-10-02 16:45:00+00:00,2018-10-02 17:00:00+00:00,0.5099999999999909,1202.895
2018-10-08 04:00:00+00:00,SELL,1195.3,1196.43,,2018-10-08 03:30:00+00:00,2018-10-08 03:45:00+00:00,1.1300000000001091,1195.865
2018-10-11 18:15:00+00:00,SELL,1223.92,1225.18,,2018-10-11 16:45:00+00:00,2018-10-11 18:00:00+00:00,1.259999999999991,1224.5500000000002
2018-10-19 07:15:00+00:00,SELL,1227.33,1228.03,,2018-10-19 06:45:00+00:00,2018-10-19 07:00:00+00:00,0.7000000000000455,1227.6799999999998
2018-10-23 18:15:00+00:00,BUY,1229.82,1230.12,,2018-10-23 17:00:00+00:00,2018-10-23 18:00:00+00:00,0.2999999999999545,1229.9699999999998
2018-10-24 08:15:00+00:00,SELL,1227.84,1229.45,,2018-10-24 07:45:00+00:00,2018-10-24 08:00:00+00:00,1.6100000000001273,1228.645
2018-11-01 19:00:00+00:00,SELL,1233.09,1233.8,,2018-11-01 18:30:00+00:00,2018-11-01 18:45:00+00:00,0.7100000000000364,1233.445
2018-11-21 17:15:00+00:00,SELL,1225.74,1225.97,,2018-11-21 16:45:00+00:00,2018-11-21 17:00:00+00:00,0.2300000000000182,1225.855
2018-11-26 20:00:00+00:00,BUY,1222.04,1222.53,,2018-11-26 19:30:00+00:00,2018-11-26 19:45:00+00:00,0.4900000000000091,1222.2849999999999
2018-11-30 03:15:00+00:00,SELL,1224.24,1224.76,,2018-11-30 02:45:00+00:00,2018-11-30 03:00:00+00:00,0.5199999999999818,1224.5
2018-12-03 17:15:00+00:00,SELL,1230.48,1230.99,,2018-12-03 16:45:00+00:00,2018-12-03 17:00:00+00:00,0.5099999999999909,1230.7350000000001
2018-12-04 01:00:00+00:00,BUY,1236.32,1237.09,,2018-12-04 00:30:00+00:00,2018-12-04 00:45:00+00:00,0.7699999999999818,1236.705
2018-12-11 06:45:00+00:00,BUY,1246.57,1247.5,,2018-12-11 06:15:00+00:00,2018-12-11 06:30:00+00:00,0.9300000000000637,1247.0349999999999
2018-12-18 18:15:00+00:00,BUY,1249.138,1249.468,,2018-12-18 16:45:00+00:00,2018-12-18 18:00:00+00:00,0.3300000000001546,1249.3029999999999
2018-12-28 01:00:00+00:00,BUY,1277.108,1277.908,,2018-12-28 00:30:00+00:00,2018-12-28 00:45:00+00:00,0.7999999999999545,1277.5079999999998
2019-01-02 15:00:00+00:00,BUY,1279.795,1280.635,,2019-01-02 14:30:00+00:00,2019-01-02 14:45:00+00:00,0.8399999999999181,1280.2150000000001
2019-01-08 00:30:00+00:00,SELL,1282.798,1283.108,,2019-01-08 00:00:00+00:00,2019-01-08 00:15:00+00:00,0.30999999999994543,1282.953
2019-01-10 18:15:00+00:00,BUY,1286.035,1286.348,,2019-01-10 16:45:00+00:00,2019-01-10 18:00:00+00:00,0.3129999999998745,1286.1915
2019-01-11 01:45:00+00:00,SELL,1293.145,1293.738,,2019-01-11 01:15:00+00:00,2019-01-11 01:30:00+00:00,0.5930000000000746,1293.4415
2019-01-14 18:15:00+00:00,BUY,1291.255,1291.805,,2019-01-14 16:45:00+00:00,2019-01-14 18:00:00+00:00,0.5499999999999545,1291.5300000000002
2019-01-30 18:15:00+00:00,SELL,1319.035,1319.755,,2019-01-30 16:45:00+00:00,2019-01-30 18:00:00+00:00,0.7200000000000273,1319.395
2019-02-01 09:45:00+00:00,BUY,1320.518,1321.478,,2019-02-01 09:15:00+00:00,2019-02-01 09:30:00+00:00,0.9600000000000364,1320.998
2019-02-08 08:15:00+00:00,BUY,1312.765,1313.338,,2019-02-08 07:45:00+00:00,2019-02-08 08:00:00+00:00,0.5729999999998654,1313.0515
2019-02-14 08:45:00+00:00,BUY,1304.325,1305.595,,2019-02-14 08:15:00+00:00,2019-02-14 08:30:00+00:00,1.2699999999999818,1304.96
2019-02-19 18:15:00+00:00,SELL,1340.565,1341.268,,2019-02-19 16:45:00+00:00,2019-02-19 18:00:00+00:00,0.7029999999999745,1340.9165
2019-02-20 18:15:00+00:00,BUY,1338.015,1338.525,,2019-02-20 16:45:00+00:00,2019-02-20 18:00:00+00:00,0.5099999999999909,1338.27
2019-02-21 18:15:00+00:00,BUY,1322.908,1323.465,,2019-02-21 16:45:00+00:00,2019-02-21 18:00:00+00:00,0.5570000000000164,1323.1864999999998
2019-02-28 03:45:00+00:00,BUY,1322.258,1323.198,,2019-02-28 03:15:00+00:00,2019-02-28 03:30:00+00:00,0.9400000000000546,1322.728
2019-03-19 17:15:00+00:00,SELL,1306.255,1306.608,,2019-03-19 15:45:00+00:00,2019-03-19 17:00:00+00:00,0.3529999999998381,1306.4315000000001
2019-03-20 02:15:00+00:00,SELL,1305.085,1305.908,,2019-03-20 01:45:00+00:00,2019-03-20 02:00:00+00:00,0.8229999999998654,1305.4965
2019-03-27 22:30:00+00:00,BUY,1309.725,1310.375,,2019-03-27 22:00:00+00:00,2019-03-27 22:15:00+00:00,0.650000000000091,1310.05
2019-04-01 19:45:00+00:00,BUY,1287.398,1287.898,,2019-04-01 19:15:00+00:00,2019-04-01 19:30:00+00:00,0.5,1287.648
2019-04-04 17:00:00+00:00,SELL,1292.565,1293.348,,2019-04-04 16:30:00+00:00,2019-04-04 16:45:00+00:00,0.7829999999999018,1292.9565
2019-04-05 01:00:00+00:00,BUY,1288.508,1288.798,,2019-04-05 00:30:00+00:00,2019-04-05 00:45:00+00:00,0.2899999999999636,1288.653
2019-04-08 09:00:00+00:00,BUY,1299.305,1301.465,,2019-04-08 08:30:00+00:00,2019-04-08 08:45:00+00:00,2.1599999999998545,1300.385
2019-04-22 18:15:00+00:00,BUY,1274.555,1274.835,,2019-04-22 16:45:00+00:00,2019-04-22 18:00:00+00:00,0.2799999999999727,1274.6950000000002
2019-04-29 18:30:00+00:00,BUY,1279.465,1280.078,,2019-04-29 18:00:00+00:00,2019-04-29 18:15:00+00:00,0.6130000000000564,1279.7714999999998
2019-05-06 18:15:00+00:00,BUY,1280.068,1280.338,,2019-05-06 16:45:00+00:00,2019-05-06 18:00:00+00:00,0.2699999999999818,1280.203
2019-05-09 18:15:00+00:00,BUY,1282.825,1283.648,,2019-05-09 16:45:00+00:00,2019-05-09 18:00:00+00:00,0.8229999999998654,1283.2365
2019-05-13 18:15:00+00:00,SELL,1299.388,1299.808,,2019-05-13 16:45:00+00:00,2019-05-13 18:00:00+00:00,0.42000000000007276,1299.598
2019-05-28 16:45:00+00:00,BUY,1279.198,1279.578,,2019-05-28 16:15:00+00:00,2019-05-28 16:30:00+00:00,0.37999999999988177,1279.388
2019-06-05 18:15:00+00:00,BUY,1329.862,1330.705,,2019-06-05 16:45:00+00:00,2019-06-05 18:00:00+00:00,0.8429999999998472,1330.2835
2019-06-07 17:00:00+00:00,SELL,1340.708,1340.938,,2019-06-07 16:30:00+00:00,2019-06-07 16:45:00+00:00,0.2300000000000182,1340.823
2019-07-01 10:15:00+00:00,SELL,1391.928,1394.058,,2019-07-01 09:45:00+00:00,2019-07-01 10:00:00+00:00,2.1299999999998818,1392.993
2019-07-03 18:15:00+00:00,BUY,1418.208,1419.008,,2019-07-03 16:45:00+00:00,2019-07-03 18:00:00+00:00,0.7999999999999545,1418.6080000000002
2019-07-04 18:15:00+00:00,BUY,1414.735,1414.835,,2019-07-04 16:45:00+00:00,2019-07-04 18:00:00+00:00,0.10000000000013642,1414.7849999999999
2019-07-18 18:15:00+00:00,SELL,1444.588,1445.948,,2019-07-18 16:45:00+00:00,2019-07-18 18:00:00+00:00,1.3600000000001273,1445.268
2019-08-06 15:45:00+00:00,BUY,1469.868,1471.198,,2019-08-06 15:15:00+00:00,2019-08-06 15:30:00+00:00,1.3300000000001546,1470.533
2019-08-08 18:15:00+00:00,SELL,1500.478,1501.598,,2019-08-08 16:45:00+00:00,2019-08-08 18:00:00+00:00,1.1199999999998909,1501.038
2019-09-02 14:30:00+00:00,SELL,1528.768,1528.788,,2019-09-02 14:00:00+00:00,2019-09-02 14:15:00+00:00,0.01999999999998181,1528.778
2019-10-01 21:15:00+00:00,SELL,1480.135,1481.135,,2019-10-01 20:45:00+00:00,2019-10-01 21:00:00+00:00,1.0,1480.635
2019-10-15 20:00:00+00:00,BUY,1480.508,1481.108,,2019-10-15 19:30:00+00:00,2019-10-15 19:45:00+00:00,0.599999999999909,1480.808
2019-10-16 11:30:00+00:00,BUY,1484.498,1486.088,,2019-10-16 11:00:00+00:00,2019-10-16 11:15:00+00:00,1.5899999999999181,1485.2930000000001
2019-10-22 19:30:00+00:00,BUY,1487.645,1487.998,,2019-10-22 19:00:00+00:00,2019-10-22 19:15:00+00:00,0.3530000000000655,1487.8215
2019-11-11 20:00:00+00:00,BUY,1456.298,1456.905,,2019-11-11 19:30:00+00:00,2019-11-11 19:45:00+00:00,0.6069999999999709,1456.6015
2019-11-19 12:45:00+00:00,BUY,1472.468,1473.215,,2019-11-19 12:15:00+00:00,2019-11-19 12:30:00+00:00,0.7469999999998436,1472.8415
2019-11-20 18:15:00+00:00,BUY,1470.818,1471.358,,2019-11-20 16:45:00+00:00,2019-11-20 18:00:00+00:00,0.5399999999999636,1471.088
2019-11-21 16:45:00+00:00,BUY,1464.545,1465.175,,2019-11-21 16:15:00+00:00,2019-11-21 16:30:00+00:00,0.6299999999998818,1464.8600000000001
2019-11-28 13:15:00+00:00,SELL,1455.698,1456.135,,2019-11-28 12:45:00+00:00,2019-11-28 13:00:00+00:00,0.43699999999989814,1455.9165
2019-12-12 18:15:00+00:00,BUY,1468.908,1469.758,,2019-12-12 16:45:00+00:00,2019-12-12 18:00:00+00:00,0.8500000000001364,1469.333
2019-12-19 22:00:00+00:00,SELL,1478.268,1478.755,,2019-12-19 21:30:00+00:00,2019-12-19 21:45:00+00:00,0.48700000000008004,1478.5115
2020-01-21 18:30:00+00:00,SELL,1557.355,1559.008,,2020-01-21 18:00:00+00:00,2020-01-21 18:15:00+00:00,1.65300000000002,1558.1815000000001
2020-01-22 07:00:00+00:00,SELL,1556.668,1558.155,,2020-01-22 06:30:00+00:00,2020-01-22 06:45:00+00:00,1.48700000000008,1557.4115
2020-02-12 18:15:00+00:00,BUY,1565.398,1565.828,,2020-02-12 16:45:00+00:00,2020-02-12 18:00:00+00:00,0.43000000000006366,1565.6129999999998
2020-02-17 18:15:00+00:00,SELL,1580.815,1581.455,,2020-02-17 12:45:00+00:00,2020-02-17 18:00:00+00:00,0.6399999999998727,1581.135
2020-04-09 00:30:00+00:00,SELL,1647.918,1648.918,,2020-04-09 00:00:00+00:00,2020-04-09 00:15:00+00:00,1.0,1648.418
2020-05-05 03:15:00+00:00,SELL,1700.018,1702.898,,2020-05-05 02:45:00+00:00,2020-05-05 03:00:00+00:00,2.8799999999998818,1701.458
2020-06-15 05:00:00+00:00,SELL,1721.848,1723.868,,2020-06-15 04:30:00+00:00,2020-06-15 04:45:00+00:00,2.019999999999982,1722.858
2020-07-14 18:15:00+00:00,SELL,1808.765,1809.448,,2020-07-14 16:45:00+00:00,2020-07-14 18:00:00+00:00,0.6829999999999927,1809.1065
2020-10-15 20:00:00+00:00,SELL,1907.718,1908.498,,2020-10-15 19:30:00+00:00,2020-10-15 19:45:00+00:00,0.7799999999999727,1908.1080000000002
2020-11-25 15:45:00+00:00,SELL,1807.545,1808.545,,2020-11-25 15:15:00+00:00,2020-11-25 15:30:00+00:00,1.0,1808.045
2020-12-02 02:45:00+00:00,BUY,1811.368,1812.858,,2020-12-02 02:15:00+00:00,2020-12-02 02:30:00+00:00,1.490000000000009,1812.1129999999998
2020-12-11 01:45:00+00:00,BUY,1833.305,1835.415,,2020-12-11 01:15:00+00:00,2020-12-11 01:30:00+00:00,2.1099999999999,1834.3600000000001
2021-02-11 19:00:00+00:00,BUY,1825.008,1825.925,,2021-02-11 18:30:00+00:00,2021-02-11 18:45:00+00:00,0.9169999999999163,1825.4665
2021-02-17 21:45:00+00:00,BUY,1779.165,1781.585,,2021-02-17 21:15:00+00:00,2021-02-17 21:30:00+00:00,2.4200000000000728,1780.375
2021-04-06 05:00:00+00:00,BUY,1729.398,1731.765,,2021-04-06 04:30:00+00:00,2021-04-06 04:45:00+00:00,2.367000000000189,1730.5815
2021-04-12 05:30:00+00:00,BUY,1737.755,1738.998,,2021-04-12 05:00:00+00:00,2021-04-12 05:15:00+00:00,1.2429999999999382,1738.3765
2021-06-30 19:45:00+00:00,SELL,1768.668,1770.068,,2021-06-30 19:15:00+00:00,2021-06-30 19:30:00+00:00,1.400000000000091,1769.368
2021-08-03 01:15:00+00:00,SELL,1811.698,1812.358,,2021-08-03 00:45:00+00:00,2021-08-03 01:00:00+00:00,0.6599999999998545,1812.028
2021-09-01 15:30:00+00:00,BUY,1812.858,1813.858,,2021-09-01 15:00:00+00:00,2021-09-01 15:15:00+00:00,1.0,1813.358
2021-10-06 00:30:00+00:00,SELL,1753.108,1755.548,,2021-10-06 00:00:00+00:00,2021-10-06 00:15:00+00:00,2.4400000000000546,1754.328
2021-10-25 19:45:00+00:00,SELL,1807.138,1807.614,,2021-10-25 19:15:00+00:00,2021-10-25 19:30:00+00:00,0.4760000000001128,1807.376
2021-11-22 18:15:00+00:00,BUY,1804.058,1805.514,,2021-11-22 16:45:00+00:00,2021-11-22 18:00:00+00:00,1.4559999999999036,1804.786
2021-11-25 18:30:00+00:00,BUY,1787.948,1788.698,,2021-11-25 12:45:00+00:00,2021-11-25 18:15:00+00:00,0.75,1788.323
2022-01-11 18:15:00+00:00,SELL,1821.158,1822.338,,2022-01-11 16:45:00+00:00,2022-01-11 18:00:00+00:00,1.1800000000000637,1821.748
2022-02-03 05:00:00+00:00,SELL,1804.458,1805.637,,2022-02-03 04:30:00+00:00,2022-02-03 04:45:00+00:00,1.17899999999986,1805.0475000000001
2022-02-21 18:15:00+00:00,SELL,1903.438,1905.903,,2022-02-21 14:15:00+00:00,2022-02-21 18:00:00+00:00,2.464999999999918,1904.6705000000002
2022-02-23 18:15:00+00:00,SELL,1907.053,1909.118,,2022-02-23 16:45:00+00:00,2022-02-23 18:00:00+00:00,2.064999999999827,1908.0855000000001
2022-03-16 14:00:00+00:00,BUY,1901.089,1906.089,,2022-03-16 13:30:00+00:00,2022-03-16 13:45:00+00:00,5.0,1903.589
2022-03-29 13:15:00+00:00,SELL,1914.998,1917.319,,2022-03-29 12:45:00+00:00,2022-03-29 13:00:00+00:00,2.3209999999999127,1916.1585
2022-04-06 18:15:00+00:00,SELL,1924.798,1925.722,,2022-04-06 16:45:00+00:00,2022-04-06 18:00:00+00:00,0.9239999999999782,1925.26
2022-06-29 21:15:00+00:00,SELL,1819.558,1820.638,,2022-06-29 20:45:00+00:00,2022-06-29 21:00:00+00:00,1.0799999999999272,1820.098
2022-06-30 20:00:00+00:00,BUY,1805.348,1805.958,,2022-06-30 19:30:00+00:00,2022-06-30 19:45:00+00:00,0.6100000000001273,1805.653
2022-07-22 10:00:00+00:00,SELL,1723.598,1728.598,,2022-07-22 09:30:00+00:00,2022-07-22 09:45:00+00:00,5.0,1726.098
2022-10-12 02:00:00+00:00,BUY,1665.978,1668.675,,2022-10-12 01:30:00+00:00,2022-10-12 01:45:00+00:00,2.696999999999889,1667.3265000000001
2022-11-03 02:15:00+00:00,SELL,1634.368,1635.837,,2022-11-03 01:45:00+00:00,2022-11-03 02:00:00+00:00,1.469000000000051,1635.1025
2022-11-14 18:15:00+00:00,SELL,1770.898,1771.898,,2022-11-14 16:45:00+00:00,2022-11-14 18:00:00+00:00,1.0,1771.398
2022-11-17 04:45:00+00:00,SELL,1766.648,1768.378,,2022-11-17 04:15:00+00:00,2022-11-17 04:30:00+00:00,1.7300000000000182,1767.513
2022-11-18 16:30:00+00:00,BUY,1748.027,1748.948,,2022-11-18 16:00:00+00:00,2022-11-18 16:15:00+00:00,0.9210000000000491,1748.4875000000002
2022-12-12 02:00:00+00:00,BUY,1786.258,1787.387,,2022-12-12 01:30:00+00:00,2022-12-12 01:45:00+00:00,1.1289999999999054,1786.8225
2022-12-27 01:00:00+00:00,BUY,1803.798,1804.795,,2022-12-27 00:30:00+00:00,2022-12-27 00:45:00+00:00,0.9970000000000709,1804.2965
2023-01-03 18:15:00+00:00,SELL,1839.048,1839.658,,2023-01-03 16:45:00+00:00,2023-01-03 18:00:00+00:00,0.6099999999999,1839.353
2023-01-16 18:15:00+00:00,BUY,1913.035,1913.845,,2023-01-16 12:45:00+00:00,2023-01-16 18:00:00+00:00,0.8099999999999454,1913.44
2023-01-30 05:15:00+00:00,BUY,1921.955,1923.595,,2023-01-30 03:45:00+00:00,2023-01-30 05:00:00+00:00,1.6400000000001,1922.775
2023-02-20 08:15:00+00:00,SELL,1844.158,1845.328,,2023-02-20 06:45:00+00:00,2023-02-20 08:00:00+00:00,1.1700000000000728,1844.743
2023-02-21 09:15:00+00:00,BUY,1830.915,1833.345,,2023-02-21 07:45:00+00:00,2023-02-21 09:00:00+00:00,2.4300000000000637,1832.13
2023-02-22 07:15:00+00:00,BUY,1833.045,1834.455,,2023-02-22 05:45:00+00:00,2023-02-22 07:00:00+00:00,1.4099999999998545,1833.75
2023-02-23 14:15:00+00:00,BUY,1820.455,1821.735,,2023-02-23 12:45:00+00:00,2023-02-23 14:00:00+00:00,1.2799999999999727,1821.0949999999998
2023-02-24 06:45:00+00:00,SELL,1820.915,1822.495,,2023-02-24 06:15:00+00:00,2023-02-24 06:30:00+00:00,1.5799999999999272,1821.705
2023-02-27 09:15:00+00:00,SELL,1810.825,1812.205,,2023-02-27 07:45:00+00:00,2023-02-27 09:00:00+00:00,1.3799999999998818,1811.5149999999999
2023-02-28 10:15:00+00:00,SELL,1809.125,1814.125,,2023-02-28 08:45:00+00:00,2023-02-28 10:00:00+00:00,5.0,1811.625
2023-03-01 06:15:00+00:00,BUY,1830.975,1832.275,,2023-03-01 04:45:00+00:00,2023-03-01 06:00:00+00:00,1.300000000000182,1831.625
2023-03-02 10:15:00+00:00,SELL,1829.965,1832.408,,2023-03-02 08:45:00+00:00,2023-03-02 10:00:00+00:00,2.4429999999999836,1831.1864999999998
2023-03-03 12:15:00+00:00,BUY,1841.875,1845.335,,2023-03-03 09:45:00+00:00,2023-03-03 12:00:00+00:00,3.4600000000000364,1843.605
2023-03-06 14:15:00+00:00,BUY,1849.735,1851.815,,2023-03-06 11:45:00+00:00,2023-03-06 14:00:00+00:00,2.0800000000001546,1850.775
2023-03-07 07:15:00+00:00,SELL,1843.278,1845.115,,2023-03-07 04:45:00+00:00,2023-03-07 07:00:00+00:00,1.836999999999989,1844.1965
2023-03-08 13:15:00+00:00,SELL,1819.175,1821.288,,2023-03-08 10:45:00+00:00,2023-03-08 13:00:00+00:00,2.1130000000000564,1820.2314999999999
2023-03-09 13:15:00+00:00,SELL,1825.725,1828.118,,2023-03-09 11:45:00+00:00,2023-03-09 13:00:00+00:00,2.393000000000029,1826.9215
2023-03-10 05:15:00+00:00,SELL,1834.795,1836.424,,2023-03-10 03:45:00+00:00,2023-03-10 05:00:00+00:00,1.6289999999999054,1835.6095
2023-03-13 12:15:00+00:00,SELL,1902.924,1905.955,,2023-03-13 10:45:00+00:00,2023-03-13 12:00:00+00:00,3.030999999999949,1904.4395
2023-03-14 06:15:00+00:00,BUY,1900.695,1902.554,,2023-03-14 04:45:00+00:00,2023-03-14 06:00:00+00:00,1.859000000000151,1901.6245
2023-03-15 19:15:00+00:00,BUY,1919.315,1920.178,,2023-03-15 17:45:00+00:00,2023-03-15 19:00:00+00:00,0.8630000000000564,1919.7465000000002
2023-03-16 06:15:00+00:00,BUY,1920.155,1922.025,,2023-03-16 04:45:00+00:00,2023-03-16 06:00:00+00:00,1.8700000000001182,1921.0900000000001
2023-03-20 06:15:00+00:00,SELL,1985.115,1990.115,,2023-03-20 04:45:00+00:00,2023-03-20 06:00:00+00:00,5.0,1987.615
2023-03-21 11:15:00+00:00,BUY,1950.625,1954.845,,2023-03-21 09:45:00+00:00,2023-03-21 11:00:00+00:00,4.220000000000027,1952.7350000000001
2023-03-22 09:15:00+00:00,BUY,1937.005,1939.995,,2023-03-22 07:45:00+00:00,2023-03-22 09:00:00+00:00,2.9899999999997817,1938.5
2023-03-23 08:15:00+00:00,SELL,1977.505,1980.455,,2023-03-23 05:45:00+00:00,2023-03-23 08:00:00+00:00,2.949999999999818,1978.98
2023-03-24 10:15:00+00:00,SELL,1997.015,2001.148,,2023-03-24 07:45:00+00:00,2023-03-24 10:00:00+00:00,4.132999999999811,1999.0815
2023-03-27 08:15:00+00:00,BUY,1948.175,1950.375,,2023-03-27 06:45:00+00:00,2023-03-27 08:00:00+00:00,2.2000000000000455,1949.275
2023-03-28 10:15:00+00:00,SELL,1963.898,1966.455,,2023-03-28 08:45:00+00:00,2023-03-28 10:00:00+00:00,2.5570000000000164,1965.1765
2023-03-29 09:15:00+00:00,SELL,1967.004,1969.045,,2023-03-29 06:45:00+00:00,2023-03-29 09:00:00+00:00,2.0410000000001673,1968.0245
2023-03-30 10:15:00+00:00,SELL,1967.855,1971.425,,2023-03-30 08:45:00+00:00,2023-03-30 10:00:00+00:00,3.5699999999999363,1969.6399999999999
2023-03-31 15:15:00+00:00,BUY,1975.215,1977.485,,2023-03-31 12:45:00+00:00,2023-03-31 15:00:00+00:00,2.269999999999982,1976.35
2023-04-03 14:15:00+00:00,SELL,1986.698,1988.628,,2023-04-03 12:45:00+00:00,2023-04-03 14:00:00+00:00,1.9299999999998363,1987.663
2023-04-04 09:15:00+00:00,SELL,1980.955,1982.415,,2023-04-04 07:45:00+00:00,2023-04-04 09:00:00+00:00,1.4600000000000364,1981.685
2023-04-05 15:15:00+00:00,BUY,2019.895,2021.185,,2023-04-05 13:45:00+00:00,2023-04-05 15:00:00+00:00,1.2899999999999636,2020.54
2023-04-06 09:15:00+00:00,SELL,2017.425,2018.795,,2023-04-06 07:45:00+00:00,2023-04-06 09:00:00+00:00,1.3700000000001182,2018.1100000000001
2023-04-10 13:15:00+00:00,BUY,1987.155,1989.055,,2023-04-10 11:45:00+00:00,2023-04-10 13:00:00+00:00,1.900000000000091,1988.105
2023-04-11 08:15:00+00:00,SELL,2003.175,2004.895,,2023-04-11 06:45:00+00:00,2023-04-11 08:00:00+00:00,1.7200000000000273,2004.0349999999999
2023-04-12 08:15:00+00:00,SELL,2008.405,2009.698,,2023-04-12 06:45:00+00:00,2023-04-12 08:00:00+00:00,1.29300000000012,2009.0515
2023-04-13 08:15:00+00:00,BUY,2025.395,2026.975,,2023-04-13 06:45:00+00:00,2023-04-13 08:00:00+00:00,1.5799999999999272,2026.185
2023-04-14 08:15:00+00:00,SELL,2037.838,2040.395,,2023-04-14 06:45:00+00:00,2023-04-14 08:00:00+00:00,2.5570000000000164,2039.1165
2023-04-17 10:15:00+00:00,BUY,1999.015,2003.758,,2023-04-17 08:45:00+00:00,2023-04-17 10:00:00+00:00,4.742999999999938,2001.3865
2023-04-18 07:15:00+00:00,BUY,1998.995,2001.365,,2023-04-18 05:45:00+00:00,2023-04-18 07:00:00+00:00,2.3700000000001182,2000.1799999999998
2023-04-19 13:15:00+00:00,BUY,1991.378,1993.955,,2023-04-19 10:45:00+00:00,2023-04-19 13:00:00+00:00,2.576999999999998,1992.6664999999998
2023-04-20 13:15:00+00:00,SELL,2001.995,2003.825,,2023-04-20 11:45:00+00:00,2023-04-20 13:00:00+00:00,1.8300000000001546,2002.9099999999999
2023-04-24 15:15:00+00:00,SELL,1984.508,1986.728,,2023-04-24 12:45:00+00:00,2023-04-24 15:00:00+00:00,2.2200000000000273,1985.618
2023-04-25 07:15:00+00:00,SELL,1986.828,1990.198,,2023-04-25 05:45:00+00:00,2023-04-25 07:00:00+00:00,3.3700000000001182,1988.513
2023-04-26 11:15:00+00:00,SELL,2002.395,2006.265,,2023-04-26 09:45:00+00:00,2023-04-26 11:00:00+00:00,3.8700000000001182,2004.33
2023-04-27 07:15:00+00:00,BUY,1996.805,1998.535,,2023-04-27 05:45:00+00:00,2023-04-27 07:00:00+00:00,1.7300000000000182,1997.67
2023-04-28 14:15:00+00:00,SELL,1991.325,1993.555,,2023-04-28 12:45:00+00:00,2023-04-28 14:00:00+00:00,2.230000000000018,1992.44
2023-05-02 10:15:00+00:00,SELL,1985.305,1986.715,,2023-05-02 08:45:00+00:00,2023-05-02 10:00:00+00:00,1.4099999999998545,1986.01
2023-05-03 12:15:00+00:00,SELL,2017.824,2021.898,,2023-05-03 10:45:00+00:00,2023-05-03 12:00:00+00:00,4.073999999999842,2019.8609999999999
2023-05-04 07:15:00+00:00,BUY,2036.475,2038.378,,2023-05-04 05:45:00+00:00,2023-05-04 07:00:00+00:00,1.90300000000002,2037.4265
2023-05-05 13:15:00+00:00,BUY,2012.774,2015.134,,2023-05-05 11:45:00+00:00,2023-05-05 13:00:00+00:00,2.3600000000001273,2013.954
2023-05-08 15:15:00+00:00,SELL,2022.755,2024.184,,2023-05-08 13:45:00+00:00,2023-05-08 15:00:00+00:00,1.42899999999986,2023.4695000000002
2023-05-09 07:15:00+00:00,BUY,2027.444,2028.344,,2023-05-09 05:45:00+00:00,2023-05-09 07:00:00+00:00,0.900000000000091,2027.894
2023-05-10 13:15:00+00:00,BUY,2021.835,2025.065,,2023-05-10 11:45:00+00:00,2023-05-10 13:00:00+00:00,3.230000000000018,2023.45
2023-05-11 07:15:00+00:00,BUY,2025.555,2028.044,,2023-05-11 05:45:00+00:00,2023-05-11 07:00:00+00:00,2.4890000000000327,2026.7995
2023-05-12 08:15:00+00:00,SELL,2005.615,2007.574,,2023-05-12 06:45:00+00:00,2023-05-12 08:00:00+00:00,1.95900000000006,2006.5945000000002
2023-05-15 07:15:00+00:00,SELL,2015.615,2016.874,,2023-05-15 05:45:00+00:00,2023-05-15 07:00:00+00:00,1.2590000000000146,2016.2445
2023-05-16 11:15:00+00:00,BUY,2007.214,2010.774,,2023-05-16 09:45:00+00:00,2023-05-16 11:00:00+00:00,3.5599999999999454,2008.994
2023-05-17 11:15:00+00:00,BUY,1987.265,1988.594,,2023-05-17 07:45:00+00:00,2023-05-17 11:00:00+00:00,1.3289999999999509,1987.9295000000002
2023-05-18 06:15:00+00:00,BUY,1974.025,1975.724,,2023-05-18 04:45:00+00:00,2023-05-18 06:00:00+00:00,1.6989999999998417,1974.8745
2023-05-19 07:15:00+00:00,SELL,1966.724,1968.085,,2023-05-19 05:45:00+00:00,2023-05-19 07:00:00+00:00,1.3610000000001037,1967.4045
2023-05-22 07:15:00+00:00,SELL,1979.155,1979.885,,2023-05-22 05:45:00+00:00,2023-05-22 07:00:00+00:00,0.7300000000000182,1979.52
2023-05-23 16:15:00+00:00,SELL,1975.675,1977.114,,2023-05-23 14:45:00+00:00,2023-05-23 16:00:00+00:00,1.4390000000000782,1976.3944999999999
2023-05-24 15:15:00+00:00,BUY,1962.284,1963.778,,2023-05-24 13:45:00+00:00,2023-05-24 15:00:00+00:00,1.4939999999999145,1963.031
2023-05-25 10:15:00+00:00,BUY,1939.555,1943.955,,2023-05-25 08:45:00+00:00,2023-05-25 10:00:00+00:00,4.399999999999864,1941.755
2023-05-26 09:15:00+00:00,SELL,1950.955,1952.618,,2023-05-26 07:45:00+00:00,2023-05-26 09:00:00+00:00,1.663000000000011,1951.7865
2023-05-29 09:15:00+00:00,SELL,1945.865,1946.565,,2023-05-29 07:45:00+00:00,2023-05-29 09:00:00+00:00,0.7000000000000455,1946.2150000000001
2023-05-30 07:15:00+00:00,BUY,1947.635,1952.635,,2023-05-30 05:45:00+00:00,2023-05-30 07:00:00+00:00,5.0,1950.135
2023-05-31 08:15:00+00:00,BUY,1956.108,1959.188,,2023-05-31 06:45:00+00:00,2023-05-31 08:00:00+00:00,3.0800000000001546,1957.6480000000001
2023-06-01 10:15:00+00:00,SELL,1964.535,1968.275,,2023-06-01 08:45:00+00:00,2023-06-01 10:00:00+00:00,3.740000000000009,1966.4050000000002
2023-06-02 15:15:00+00:00,BUY,1951.205,1952.475,,2023-06-02 13:45:00+00:00,2023-06-02 15:00:00+00:00,1.2699999999999818,1951.84
2023-06-05 08:15:00+00:00,SELL,1942.624,1943.915,,2023-06-05 06:45:00+00:00,2023-06-05 08:00:00+00:00,1.29099999999994,1943.2694999999999
2023-06-06 07:15:00+00:00,BUY,1961.675,1962.975,,2023-06-06 05:45:00+00:00,2023-06-06 07:00:00+00:00,1.2999999999999545,1962.3249999999998
2023-06-07 06:15:00+00:00,BUY,1959.295,1961.565,,2023-06-07 04:45:00+00:00,2023-06-07 06:00:00+00:00,2.269999999999982,1960.43
2023-06-08 14:15:00+00:00,SELL,1965.715,1967.785,,2023-06-08 12:45:00+00:00,2023-06-08 14:00:00+00:00,2.0700000000001637,1966.75
2023-06-09 09:15:00+00:00,SELL,1965.084,1966.845,,2023-06-09 07:45:00+00:00,2023-06-09 09:00:00+00:00,1.7609999999999673,1965.9645
2023-06-12 14:15:00+00:00,BUY,1953.795,1954.825,,2023-06-12 12:45:00+00:00,2023-06-12 14:00:00+00:00,1.0299999999999727,1954.31
2023-06-13 07:15:00+00:00,BUY,1962.715,1964.338,,2023-06-13 05:45:00+00:00,2023-06-13 07:00:00+00:00,1.6230000000000473,1963.5265
2023-06-14 14:15:00+00:00,BUY,1954.865,1956.005,,2023-06-14 12:45:00+00:00,2023-06-14 14:00:00+00:00,1.1400000000001,1955.435
2023-06-15 08:15:00+00:00,SELL,1933.255,1935.045,,2023-06-15 06:45:00+00:00,2023-06-15 08:00:00+00:00,1.7899999999999636,1934.15
2023-06-16 14:15:00+00:00,BUY,1954.025,1955.475,,2023-06-16 12:45:00+00:00,2023-06-16 14:00:00+00:00,1.449999999999818,1954.75
2023-06-19 09:15:00+00:00,BUY,1948.915,1950.315,,2023-06-19 06:45:00+00:00,2023-06-19 09:00:00+00:00,1.400000000000091,1949.615
2023-06-20 13:15:00+00:00,BUY,1934.274,1936.005,,2023-06-20 11:45:00+00:00,2023-06-20 13:00:00+00:00,1.731000000000222,1935.1395
2023-06-21 16:15:00+00:00,SELL,1935.125,1937.115,,2023-06-21 14:45:00+00:00,2023-06-21 16:00:00+00:00,1.990000000000009,1936.12
2023-06-22 09:15:00+00:00,BUY,1925.808,1927.675,,2023-06-22 07:45:00+00:00,2023-06-22 09:00:00+00:00,1.8669999999999618,1926.7415
2023-06-23 08:15:00+00:00,BUY,1917.045,1918.095,,2023-06-23 06:45:00+00:00,2023-06-23 08:00:00+00:00,1.0499999999999545,1917.5700000000002
2023-06-26 12:15:00+00:00,BUY,1922.695,1924.225,,2023-06-26 10:45:00+00:00,2023-06-26 12:00:00+00:00,1.5299999999999727,1923.46
2023-06-27 07:15:00+00:00,SELL,1923.925,1924.595,,2023-06-27 05:45:00+00:00,2023-06-27 07:00:00+00:00,0.6700000000000728,1924.26
2023-06-28 07:15:00+00:00,SELL,1907.115,1909.248,,2023-06-28 05:45:00+00:00,2023-06-28 07:00:00+00:00,2.133000000000038,1908.1815000000001
2023-06-29 07:15:00+00:00,BUY,1903.865,1905.885,,2023-06-29 05:45:00+00:00,2023-06-29 07:00:00+00:00,2.019999999999982,1904.875
2023-06-30 12:15:00+00:00,SELL,1914.505,1917.075,,2023-06-30 10:45:00+00:00,2023-06-30 12:00:00+00:00,2.5699999999999363,1915.79
2023-07-03 13:15:00+00:00,SELL,1925.794,1927.734,,2023-07-03 11:45:00+00:00,2023-07-03 13:00:00+00:00,1.9399999999998272,1926.7640000000001
2023-07-04 09:15:00+00:00,SELL,1927.835,1928.685,,2023-07-04 07:45:00+00:00,2023-07-04 09:00:00+00:00,0.849999999999909,1928.26
2023-07-05 09:15:00+00:00,SELL,1927.178,1927.878,,2023-07-05 07:45:00+00:00,2023-07-05 09:00:00+00:00,0.6999999999998181,1927.528
2023-07-06 08:15:00+00:00,BUY,1922.725,1924.905,,2023-07-06 06:45:00+00:00,2023-07-06 08:00:00+00:00,2.1800000000000637,1923.815
2023-07-07 16:15:00+00:00,SELL,1925.658,1926.468,,2023-07-07 14:45:00+00:00,2023-07-07 16:00:00+00:00,0.8100000000001728,1926.063
2023-07-10 06:15:00+00:00,SELL,1923.925,1925.458,,2023-07-10 04:45:00+00:00,2023-07-10 06:00:00+00:00,1.5330000000001291,1924.6915
2023-07-11 09:15:00+00:00,SELL,1935.525,1936.705,,2023-07-11 07:45:00+00:00,2023-07-11 09:00:00+00:00,1.1799999999998363,1936.115
2023-07-17 11:15:00+00:00,BUY,1945.718,1950.575,,2023-07-17 09:45:00+00:00,2023-07-17 11:00:00+00:00,4.856999999999971,1948.1465
2023-07-18 10:15:00+00:00,SELL,1963.725,1968.725,,2023-07-18 08:45:00+00:00,2023-07-18 10:00:00+00:00,5.0,1966.225
2023-07-19 07:15:00+00:00,SELL,1976.825,1978.055,,2023-07-19 05:45:00+00:00,2023-07-19 07:00:00+00:00,1.2300000000000182,1977.44
2023-07-20 14:15:00+00:00,BUY,1965.198,1967.975,,2023-07-20 12:45:00+00:00,2023-07-20 14:00:00+00:00,2.7769999999998163,1966.5865
2023-07-21 08:15:00+00:00,BUY,1962.695,1963.915,,2023-07-21 06:45:00+00:00,2023-07-21 08:00:00+00:00,1.2200000000000273,1963.3049999999998
2023-07-24 11:15:00+00:00,SELL,1964.125,1967.555,,2023-07-24 08:45:00+00:00,2023-07-24 11:00:00+00:00,3.4300000000000637,1965.8400000000001
2023-07-26 10:15:00+00:00,SELL,1971.845,1973.995,,2023-07-26 08:45:00+00:00,2023-07-26 10:00:00+00:00,2.1499999999998636,1972.92
2023-07-27 15:15:00+00:00,BUY,1947.195,1949.185,,2023-07-27 13:45:00+00:00,2023-07-27 15:00:00+00:00,1.990000000000009,1948.19
2023-07-28 13:15:00+00:00,SELL,1958.715,1960.455,,2023-07-28 10:45:00+00:00,2023-07-28 13:00:00+00:00,1.740000000000009,1959.585
2023-08-02 17:00:00+00:00,BUY,1934.738,1935.048,,2023-08-02 16:30:00+00:00,2023-08-02 16:45:00+00:00,0.30999999999994543,1934.893
2023-08-09 08:15:00+00:00,SELL,1924.425,1926.085,,2023-08-09 07:45:00+00:00,2023-08-09 08:00:00+00:00,1.6600000000000819,1925.255
2023-08-28 11:30:00+00:00,SELL,1917.985,1919.215,,2023-08-28 11:00:00+00:00,2023-08-28 11:15:00+00:00,1.2300000000000182,1918.6
2023-09-06 19:45:00+00:00,BUY,1917.505,1917.785,,2023-09-06 19:15:00+00:00,2023-09-06 19:30:00+00:00,0.2799999999999727,1917.645
2023-09-14 10:15:00+00:00,BUY,1904.385,1906.975,,2023-09-14 09:45:00+00:00,2023-09-14 10:00:00+00:00,2.589999999999918,1905.6799999999998
2023-09-19 12:45:00+00:00,SELL,1932.815,1933.655,,2023-09-19 12:15:00+00:00,2023-09-19 12:30:00+00:00,0.8399999999999181,1933.2350000000001
2023-09-20 14:15:00+00:00,SELL,1946.128,1946.918,,2023-09-20 13:45:00+00:00,2023-09-20 14:00:00+00:00,0.7899999999999636,1946.523
2023-09-22 03:30:00+00:00,BUY,1924.665,1926.145,,2023-09-22 03:00:00+00:00,2023-09-22 03:15:00+00:00,1.4800000000000182,1925.405
2023-09-25 07:15:00+00:00,BUY,1922.068,1922.905,,2023-09-25 06:00:00+00:00,2023-09-25 07:00:00+00:00,0.8369999999999891,1922.4865
2023-10-02 18:15:00+00:00,BUY,1827.475,1828.088,,2023-10-02 16:45:00+00:00,2023-10-02 18:00:00+00:00,0.6130000000000564,1827.7815
2023-10-11 00:00:00+00:00,SELL,1860.255,1860.805,,2023-10-10 23:30:00+00:00,2023-10-10 23:45:00+00:00,0.5499999999999545,1860.5300000000002
2023-10-25 01:00:00+00:00,SELL,1973.685,1974.445,,2023-10-25 00:30:00+00:00,2023-10-25 00:45:00+00:00,0.7599999999999909,1974.065
2023-11-02 21:45:00+00:00,BUY,1984.895,1985.515,,2023-11-02 21:15:00+00:00,2023-11-02 21:30:00+00:00,0.6200000000001182,1985.205
2023-11-07 14:00:00+00:00,BUY,1966.638,1968.195,,2023-11-07 13:30:00+00:00,2023-11-07 13:45:00+00:00,1.5570000000000164,1967.4164999999998
2023-11-08 00:30:00+00:00,SELL,1967.155,1967.845,,2023-11-08 00:00:00+00:00,2023-11-08 00:15:00+00:00,0.6900000000000546,1967.5
2023-11-16 15:30:00+00:00,SELL,1982.485,1984.005,,2023-11-16 15:00:00+00:00,2023-11-16 15:15:00+00:00,1.5200000000002092,1983.245
2023-11-22 18:45:00+00:00,BUY,1989.898,1990.925,,2023-11-22 18:15:00+00:00,2023-11-22 18:30:00+00:00,1.0270000000000437,1990.4115
2023-12-11 12:30:00+00:00,BUY,1979.925,1982.634,,2023-12-11 12:00:00+00:00,2023-12-11 12:15:00+00:00,2.70900000000006,1981.2795
2023-12-21 18:15:00+00:00,SELL,2045.378,2045.898,,2023-12-21 16:45:00+00:00,2023-12-21 18:00:00+00:00,0.5199999999999818,2045.638
2024-01-11 14:15:00+00:00,BUY,2014.265,2016.975,,2024-01-11 13:45:00+00:00,2024-01-11 14:00:00+00:00,2.709999999999809,2015.62
2024-01-18 18:15:00+00:00,SELL,2022.338,2023.098,,2024-01-18 16:45:00+00:00,2024-01-18 18:00:00+00:00,0.7599999999999909,2022.7179999999998
2024-03-27 17:15:00+00:00,SELL,2194.335,2194.965,,2024-03-27 15:45:00+00:00,2024-03-27 17:00:00+00:00,0.6300000000001091,2194.65
2024-04-08 13:45:00+00:00,BUY,2328.548,2332.025,,2024-04-08 13:15:00+00:00,2024-04-08 13:30:00+00:00,3.4770000000003165,2330.2865
2024-08-30 06:30:00+00:00,SELL,2521.545,2524.648,,2024-08-30 06:00:00+00:00,2024-08-30 06:15:00+00:00,3.1030000000000655,2523.0965
2024-09-10 14:30:00+00:00,SELL,2511.975,2513.668,,2024-09-10 14:00:00+00:00,2024-09-10 14:15:00+00:00,1.693000000000211,2512.8215
2024-10-09 20:15:00+00:00,BUY,2608.155,2608.775,,2024-10-09 19:00:00+00:00,2024-10-09 20:00:00+00:00,0.6199999999998909,2608.465
2024-11-06 08:15:00+00:00,SELL,2695.895,2700.895,,2024-11-06 07:45:00+00:00,2024-11-06 08:00:00+00:00,5.0,2698.395
2024-11-07 18:15:00+00:00,SELL,2705.835,2708.405,,2024-11-07 16:45:00+00:00,2024-11-07 18:00:00+00:00,2.5700000000001637,2707.12
2024-11-27 18:15:00+00:00,BUY,2635.355,2635.975,,2024-11-27 16:45:00+00:00,2024-11-27 18:00:00+00:00,0.6199999999998909,2635.665
2025-06-11 18:15:00+00:00,SELL,3351.605,3355.595,,2025-06-11 16:45:00+00:00,2025-06-11 18:00:00+00:00,3.9899999999997817,3353.6
2025-07-07 04:00:00+00:00,SELL,3306.785,3311.785,,2025-07-07 03:30:00+00:00,2025-07-07 03:45:00+00:00,5.0,3309.285
